sequence,Delta_Entropy,EEL,EGB,ESURF,HB Energy,Hydrophobic Energy,Pi-Pi Energy,VDWAALS,binding_type
GAGGAAGCAGCCCTCGCCCCTGTCGGTGGAAAGAAG,1.125958098602939,-0.009574305146117523,0.0007479077019515923,0.8731830173458114,0.8139101060374911,1.0668540527741415,-1.7203738925756897,0.8809028902981049,0
TCCTTATTACCAAACCTCGTGCCACAAATGGCCCCA,0.07964233092326593,-0.13476328058169051,0.1693517318581252,-0.001397007820978793,0.8081924864056782,-0.23401917028282718,1.2549900500835427,-0.22248724522200294,1
GAGGAAGCAGCCCTCGCCCCTGTCGGTGGAAAGAAG,1.0798164414161737,-0.1845146285048787,0.13911275815069277,0.9419337059628783,0.8039170613243259,1.05855185057463,-1.9005813887045526,1.0248097212360523,0
TGCGACCTTGAAGGCCGCATGGTTGTGTAACATCTT,-0.09441681435887155,0.0665200155328048,-0.08540506422889844,-0.08167601312688241,0.7967214869816872,0.4107968778446666,-0.7547139117551348,0.056264069051687016,1
GAAAACCAGCGAGACCGCATGGTCTCACTTATAAGT,0.087571448712227,-2.430227403852259,2.210583628398526,0.006515609542722129,-1.5329160512261117,0.18221869084688946,-0.8027314622132795,0.7220507281032581,2
TACCACCTAATTTACAGGGCTGTAGTGAGGATTACA,0.5419093803304658,-0.24103128415476438,0.3747219513076921,0.26422588897772714,-1.2976458886787103,0.6914676565559148,-4.275400043894473,0.547609239399369,0
CAGTAAGAGCAAAACCTCGTGCCCCCCCCGCCCCCC,-0.25190965049968905,-0.9160844971966888,0.742475834274689,-0.39079210470620745,0.7662480131448302,-0.39750879858328575,1.1985519207793538,-0.1374044490719862,0
CGCGGAGACCCGAAGCACGTGGTATCCATACTAGTT,-0.31729672458412456,-0.7669330617343044,0.8472218405966635,-0.6866506320933711,-1.2800395545950274,-0.8177490446679452,0.14197456101664863,-0.8039453367972328,2
AGAGGTAGGGTTAGGCGCGTGCCGCGAGAACAGAGT,0.5487138402578439,0.6478576412588972,-0.7946008012442908,0.31432166513467563,0.7667268174543302,-0.0994534766102582,0.46288031615759573,0.09510684574615541,0
GAAAACCAGCGAGACCGCATGGTCTCACTTATAAGT,0.010539364015633377,-2.726997990721543,2.526905026469808,-0.16866240268810836,-1.557134163243565,0.11266070744142805,-1.1153715753290452,0.627104941605133,2
ATCCCTGGCTGTTTCCATGTGGCAGATCTGAGGAGC,-0.16648680198996246,2.4141159994554844,-2.3766274650897525,0.13641877805011846,0.8240068334356302,0.12037809464275673,-1.818263242672834,-0.0726626200751888,1
ACCAAAAAAAAAAAAAAAAAAAAAACTCATCCCCAA,0.32765597904516736,0.8632393187936048,-0.7760752143781605,1.4025947605609177,-1.088738739164578,1.8529397550919442,-0.5357409514926723,1.4642465535575329,0
AGTAAACAGTCCGTTAATGAAATTTGCAGAGGATAT,1.6519014943710002,-0.168842919706289,0.12036234620123,1.0980899956571275,-1.3244472373334641,1.7611624334401303,0.9397718171827821,1.5596564807779238,0
TCATCAGGAAACTGAGACCAGAGAGGTCATCTGCCT,-0.14682080744145767,0.7233568337555696,-0.7254146289352186,0.8090436554042852,-1.1638165543277057,0.8303996356367351,-0.4211059437105905,0.6895956880989487,0
GGGCTAGCTCCGAGCCTCGTGCCCCGGCCTCCTCAG,-0.2112575130305233,-2.2062745123826835,2.1042263756460673,-0.32612872836973517,-1.3806775367315962,-0.6119202669591022,0.8389495327747434,-0.19240512466026877,0
CAGTAAGAGCAAAACCTCGTGCCCCCCCCGCCCCCC,-0.1426392178436368,-0.5779559219396698,0.4093225316316455,-0.1661471335923644,0.7626743754375412,-0.260421449589703,1.0732022921636035,0.008828887236308624,0
CCGGGAGGCGGTTAGCACGTGGATGAAGGTGCCCAT,-0.8726636248588344,-0.33409701885781456,0.35411298533606284,-1.0477489516514433,0.7953376216802552,-1.2111057073418436,1.637536659270481,-1.2894307305263288,2
TGTTTTGTTTTATTTTTTTCCCCAGCAGTGAATCTA,1.5210543642842778,0.654103066895323,-0.7095644605606718,2.168336995897181,-1.1542574531795406,2.150782514044553,-0.683736094503273,1.9140453275035574,0
CCAGGAAGGGTTGCTCCAGGCGACTCCCATCAGGGA,0.23889076701956727,0.6414822450998586,-0.9227510987405755,1.0754525737954073,0.7571342178740594,0.8976136783785451,-0.19905099572009427,1.2972661269640393,0
ATCCCTGGCTGTTTCCATGTGGCAGATCTGAGGAGC,-0.010090648902378405,2.1862297895402087,-2.123459432924919,0.2835096187117815,0.831086061447367,0.20982298770372418,-1.5263586924308368,0.0065197871430460646,1
CCGGGAGGCGGTTAGCACGTGGATGAAGGTGCCCAT,-0.7741430382804403,-0.19953648469066093,0.21091439559578568,-0.9392779718973825,0.8023312560238648,-1.162544266575585,1.3954511895634292,-1.188567149819337,2
GCCTGCGGGGTCCCGGTAGGGATACAGGACCAAGAC,0.47192989783879186,2.0627919958822227,-2.148827196493631,1.4051100296566617,-1.0509296419669205,1.1206161271871367,0.6219142309205642,0.842280580446715,0
GGGCTAGCTCCGAGCCTCGTGCCCCGGCCTCCTCAG,-0.19597923275804116,-1.8157951787514002,1.7051918294188324,-0.3206265772227853,-1.3931860726016356,-0.6644313969177247,1.1366561260759698,-0.2601870753878957,0
TTTAACCATCATCGGGACTTGGATTTTTTCAATTTA,1.4669183328931872,-0.26512371470411167,0.11801667116518581,0.6933936784394431,-1.2105571999543303,0.6033839247604643,1.275233791565936,0.7931628885131269,0
AAAACAAAACAAAACAAAACAAAACAAAAACAAGTT,-0.31929547222966487,-0.8547110483355075,0.6318244224307319,0.5798921604938881,-1.3159718377479162,1.112348990711515,0.1188613231724054,1.3052899597001772,0
GGCCCCAGCTGCCTCCACGTGTCTCTTCTCCTGACT,-0.39483319012962603,-0.2621685954544622,0.3586319695109502,-0.7582833998826448,0.7929110341411886,-0.7846918842302343,1.3556140608352167,-0.7975634018661057,2
GGCCCCAGCTGCCTCCACGTGTCTCTTCTCCTGACT,-0.403750638473441,-0.09183880536948742,0.1470490835920991,-0.8135145171100681,0.7916238009863387,-0.9764349297837768,1.2165966909279202,-0.8207124203890176,2
AGAGGTAGGGTTAGGCGCGTGCCGCGAGAACAGAGT,0.37616126444525677,0.7814604978913953,-0.9370199973623636,0.228383304363342,0.760669044738877,-0.23919240514551302,0.09104688826579892,0.08270848670267664,0
CAAAGGATCATGAAGATTGAGGTTTCCAGACCTTGC,0.1359935912841301,-1.2627364025117225,1.3567579152790046,0.3057278290575423,-1.148197270568372,0.605825972886823,-0.3045580064687749,0.47574285031581925,0
TAACCTAAAAGTGGCCATGAGGTCTGAGATGCTATT,-0.8586052948771585,0.9191061218307343,-0.8419264812845705,-0.3347749658863558,0.8021010717368352,-0.2761057505071066,0.13066884636229326,-0.32339724000122,1
AAAACAAAACAAAACAAAACAAAACAAAAACAAGTT,-0.2689324553974108,-0.9017398558388905,0.6827473038042471,0.650896111009226,-1.2739684241331997,1.1899018442875529,0.1432355901277737,1.356751562281195,0
TGTTTTGTTTTATTTTTTTCCCCAGCAGTGAATCTA,2.0951122789410483,1.4783282370610014,-1.5741368126631992,2.530483344245158,-1.1670584073556234,2.371719601772634,-0.7774591398468337,2.147896828657239,0
CTCAGCGATGAGGAACACGCGGAAGTGTGGCCGGGC,-1.3103078236271175,-0.9921035717835817,1.0564665456488738,-0.8656015479678144,0.7843743864792867,-1.0448020719401694,-0.16792060992952382,-1.0339676769922346,1
ACCAAAAAAAAAAAAAAAAAAAAAACTCATCCCCAA,0.18938617459709753,0.8763526604639852,-0.8277924777127706,1.264726573250321,-1.156348958710232,1.8500293112814177,-0.24617462864679954,1.4447236344273073,0
TACCACCTAATTTACAGGGCTGTAGTGAGGATTACA,0.3819990097889837,0.1734857555953344,-0.00938420938664802,0.26522151632812907,-1.1569767170762135,0.7509282120808808,-4.1874143985585786,0.42972909946237325,0
TAACCTAAAAGTGGCCATGAGGTCTGAGATGCTATT,-1.1999611009758238,0.5212868739519496,-0.45217721099870867,-0.5051844471231653,0.8016012692099427,-0.40546948830531815,0.20978347976454925,-0.36605177237728087,1
CTGCGCAATACGCGGCACGCGCCAGGCCAAAGACTA,-0.7070741971048649,-0.1394285382859833,0.2813595883715366,-0.6588778691611701,-1.1296270688065502,-0.8816892457440845,-0.38039380802706557,-1.0295525383717006,0
TCCTTATTACCAAACCTCGTGCCACAAATGGCCCCA,0.15627479272785888,0.13614317229923836,-0.11900892001680252,-0.08482009949656542,0.8205788315010913,-0.20795741942887935,0.6200843313132546,-0.2680136483170664,1
CAAAGGATCATGAAGATTGAGGTTTCCAGACCTTGC,0.1945483006725216,-1.1781187517747342,1.271062087684307,0.3536751461952067,-1.1107102645937974,0.6994347917900273,-0.3293733468985276,0.48243227847544623,0
CTGCGCAATACGCGGCACGCGCCAGGCCAAAGACTA,-0.5424894642329621,-0.003718791077324938,0.13290009168140854,-0.37297561527800166,-1.1214809256710163,-0.6848096324552966,-0.74978023457955,-0.8661692023757472,0
CGCGGAGACCCGAAGCACGTGGTATCCATACTAGTT,-0.31687295284281647,-0.2665191876831256,0.3325747423533503,-0.6693057556206149,-1.2227200777692426,-0.7926539299466382,0.24033911265888785,-0.8249070921664838,2
TTTAACCATCATCGGGACTTGGATTTTTTCAATTTA,1.326130626387519,-0.43726625155103804,0.2825886321603778,0.6129574688150624,-1.2855446679230362,0.5783118110396113,1.1033704512536429,0.8182438927924703,0
CTCAGCGATGAGGAACACGCGGAAGTGTGGCCGGGC,-1.124951124734523,-1.1188385123820996,1.2046637464084284,-0.8162917934032943,0.7916036846725124,-1.1200383599825812,0.3235351240457249,-0.9715929656789833,1
AGTAAACAGTCCGTTAATGAAATTTGCAGAGGATAT,1.6561488775080637,-0.08314446146594184,-0.014824976403159267,1.0918018229177584,-1.2914193721252833,1.6904090678312091,0.7914129168857771,1.6984693672890248,0
TGCGACCTTGAAGGCCGCATGGTTGTGTAACATCTT,-0.2011084680664548,0.17992955729251878,-0.21288838064461713,-0.20597222760834516,0.7861026303574252,0.36487094625073685,-0.6916015750482226,0.16204173965564822,1
CCAGGAAGGGTTGCTCCAGGCGACTCCCATCAGGGA,0.19917779471487235,0.9900973893608517,-1.28033539377176,1.1383343011890705,0.7592768849468347,0.8606593987602087,0.14583800415530782,1.3765413623267273,0
GCCTGCGGGGTCCCGGTAGGGATACAGGACCAAGAC,0.2846815717749604,1.2778110829742868,-1.3370962331423482,1.1159064850853333,-1.1529025368815229,0.9322770938368228,0.7592488913247393,0.7090431843618087,0
TCATCAGGAAACTGAGACCAGAGAGGTCATCTGCCT,0.14389327346186803,0.93464101955293,-0.9495427545036514,1.124919532678423,-1.1353913412386398,1.0128186508009656,-0.6118934348974029,0.8866930458083487,0
