sequence,Delta_Entropy,EEL,EGB,ESURF,HB Energy,Hydrophobic Energy,Pi-Pi Energy,VDWAALS,bind_avg
GTTACCAAATATGGACACGTGTATTAAGTTGTGAAG,-0.5426422146906955,-0.7680332131708867,0.8565466858137727,-0.9140904915098466,0.8489369921060481,-1.0128795899107528,0.7112260393863931,-0.807364627478379,1.6238397851126685
AGGTAGTTTTCATAGTTTTTTTTTTTTTAACTTTTT,3.509226785445164,1.110171392766585,-1.0693344973746715,3.4017666286854515,0.9388328401380597,3.207933024881509,-0.7377181461229683,2.8184375969287245,-0.5806194170813077
GGAAGCTGTGAAATCCGCGTGCACACCCATCCCAAA,-0.22171798556923097,-0.7547137267537094,0.7346260909172534,-0.1951430353546504,0.8242057330031896,0.012342723156660337,-0.482611255946308,-0.039973774139168035,0.1455496317835845
AGAGTTTAATTTATTGAAGCCATTTCTACTTTTATT,1.6770883775976626,-0.35971005447625537,0.1980207346469354,1.4440593927645897,-1.0622791239413398,1.6438261990393914,1.1831733010136778,1.7742165073580092,-0.5860297098095559
TATTTTTAGTAGAAATGGGGTTTCACCATTGTTGGC,1.7128094544159185,-0.9286521557324895,0.8778871090841354,1.4867272281573924,-1.309568589614143,1.4175552504602358,-1.4192658281739126,1.4045298524036482,-0.3876631628322542
TGCGACCTTGAAGGCCGCATGGTTGTGTAACATCTT,0.02482562223608558,-0.09271272270250389,0.08031414096639161,-0.15292081704166996,0.8458627423344044,0.4581037730794419,-0.9438450434346333,0.17042952345466428,0.5163928712454684
TTTCCCCTCGGGCTCCACGAGGATCTCGGGCGCCAG,-1.3663342676232464,-0.9254025014348749,1.051930617417101,-0.7024780807301492,0.8578442480007618,-0.8323811335630856,1.9711857909381114,-0.9045927490985802,-0.120330085395711
CCGAGGAGGGCGGACCACGAGGTCAGGAGATGGAGA,-0.6613966514107704,-0.0722112272074365,0.09671193892456784,-0.07243123199911576,0.864981031656687,-0.413073375933948,1.4886257306033084,-0.3806224191027481,1.2292602568286917
GCCCCGGTCTTACTCCTGGGCCTCTGGATTTGGGCC,1.3248161400115506,0.4296350706104371,-0.6100384111848133,1.327586228526542,-1.1835299639412804,0.9872144348273738,0.6851176759570947,1.1801298596219125,-0.5464381283566269
CGAAGAAAAAGAGCCTGAGAGACGGAGAAAGAGCGA,1.3928976662301333,0.6242456702049434,-0.6631453427304873,2.0123325738055233,0.893126273431562,2.1504781505987145,0.44273131203920396,1.971504696259811,-0.5190078371304754
ACATTTTTGGCCTGCAACGTGGGGACTCAAGAAGCA,-0.4599008840541173,0.6560936477222991,-0.7889193825892368,-0.8151077976547457,0.8441123829118926,-0.7515244998473151,-0.3514141469634866,-0.667965272384358,0.3140973354058065
TGCACCTCCCCGGACCTCGTGGTGAGGGAGAAAGCT,-0.15351793125347463,-0.03205478481580646,-0.036633782263483614,0.2314796164383798,0.8810158319784662,-0.3123379789184464,0.1727320963572549,-0.16409028388349717,1.0569560650768235
GTTACCAAATATGGACACGTGTATTAAGTTGTGAAG,-0.10434642270486927,-0.6987595951927239,0.78510396644584,-0.6195376017485797,0.8386920067049027,-0.8345195203145308,0.8966860582162335,-0.6851682855812229,1.6238397851126685
CCGACCACTGGGATCCACATGTCCTTGTCTCTCAGG,0.030295217125337774,-0.953604858374624,0.8501167659547351,-0.26025883114339987,-1.344362233071514,-0.1666558056084997,-1.0315033227524375,0.023397803081301533,-0.0344544268700079
CGGGCCCAGCCGAGCAACGTGGGGCGAAGGCGGCGG,-0.4492579209148494,0.05123467407192709,-0.17239823498730622,-1.085987280050558,0.7981114472622552,-0.5688748733036061,-0.4268563236232615,-0.44634891915465724,-0.0601284236381172
GAGGACGCGAACCGGCACGCTGCGCCTTTAAGGAGT,0.036193417722119654,-0.5027289785941703,0.7091242475512232,-0.366705611085492,0.8831721001017002,-0.43137102489411994,-1.0814192130261306,-0.6595539710915438,-0.6841164954902146
AGAGGTAGGGTTAGGCGCGTGCCGCGAGAACAGAGT,0.5077083864693008,0.8142753495606909,-0.9692500905974746,0.2765426436352117,0.8296888972837193,-0.15047524127405448,0.4934626018580136,0.1120817816079347,-0.263692903451715
GCCCCGGTCTTACTCCTGGGCCTCTGGATTTGGGCC,1.4236355898273356,0.0658512914062497,-0.20381921018611512,1.4087442391888296,-1.284310121867264,0.8738411477454497,0.8721590826595552,1.1578365901509295,-0.5464381283566269
CTCAGGAACAAGAGGGGCCCTCGACCCTCTGGAACC,2.172474327349627,-1.7701897327205254,1.6067891340347993,1.744461006698501,0.82695871055411,1.4184339941566444,-2.5501911571137033,2.1259936722660715,-0.952482778642704
GCCCCGGTCTTACTCCTGGGCCTCTGGATTTGGGCC,1.7290444468877637,-0.15812908295348516,0.02153596001232021,1.6049828607147254,-1.2412433012951418,1.0935838059791472,0.572420044193652,1.3033406298156895,-0.5464381283566269
ACATTTTTGGCCTGCAACGTGGGGACTCAAGAAGCA,-0.5184013445773943,0.45876590020665126,-0.5852426571490874,-0.8971013403416914,0.8271998881966168,-0.7481266953849813,-0.7314181438539165,-0.6437941029118922,0.3140973354058065
ACATTTTTGGCCTGCAACGTGGGGACTCAAGAAGCA,-0.852752204342307,0.8667477086599649,-0.9789851094493902,-1.114952390238879,0.8374740047775363,-0.8952530275247995,-0.7686757073731008,-0.9154253941232151,0.3140973354058065
AGGTAGTTTTCATAGTTTTTTTTTTTTTAACTTTTT,3.314591529266497,1.4547781154121109,-1.4055607156091667,3.1854195364326587,0.9457385571514435,3.0888547653482705,-0.6702047595841814,2.622731433108561,-0.5806194170813077
ACATTTTTGGCCTGCAACGTGGGGACTCAAGAAGCA,-0.7184863584430311,0.6045019722457077,-0.6758624622646848,-1.0565208506474288,0.8510340204444268,-0.835320169015446,-0.397651882317169,-0.977082104461301,0.3140973354058065
ACATAGGGACGGGGCCATGCGGTGGGCGGGTGGAAC,-0.7531216142386096,0.45646519958002363,-0.4318184595788809,-0.3338970535837165,-1.0675134144421539,-0.41560773106266496,-0.1856323898508787,-0.348921534833338,1.0749787340455068
AAGCTACTTGACTGCCACGTGCTCCTGCCTCGCAAC,-0.32505098195721116,0.9076960836115021,-0.8661084672517251,-0.7667583444942403,0.8838718287344338,-0.8175225754182766,1.2062656579226438,-0.9595832163445833,1.833815879286808
CTTCAGTGGCAGCTTCAGAAGGATAACCGGCACTTC,-1.1572022276823761,1.2159490055540074,-1.079264817530773,0.37313014568627345,0.8919018110564312,0.8577813936305435,-0.174365382641273,0.2408900222241404,-0.6585161476368393
GCAGCCGAGGCGGAGAGAGAGAGAGGACAGCTTACG,0.3514085589623234,-0.023206986560243996,-0.01830550602986053,0.7668885378425586,0.8570346708180827,0.95245520449589,-0.16933037918354577,0.9555849485120863,-1.003318511823461
CTCAGGAACAAGAGGGGCCCTCGACCCTCTGGAACC,2.15545685094723,-1.7398573502747818,1.552728230734355,1.6675920604294867,0.8133588065752307,1.4331931443406387,-1.9356147752257722,2.0228601287762547,-0.952482778642704
CCTCAGGGACTAGCTCTGTGAAACTGGCAGACTCCA,-1.482938190228057,0.17334248240520356,-0.19088425458190955,0.038694527281092454,0.8613798853181706,0.6833273598089437,-0.8397809933235832,0.4321641005102607,-0.9016243614092136
ATACTCCACCTAGACCTCATGGCCTCGCCACTCTCA,0.8533648837359458,-1.0455577863876822,0.9459496135729194,0.8702717003608851,0.8574104620617203,0.4853447147246143,-0.2381469914296712,1.0011194948503008,0.1350539086115691
CCTCAGGGACTAGCTCTGTGAAACTGGCAGACTCCA,-1.8367260904562646,-0.057499031805549015,0.06696604798804816,-0.22756167791158968,0.8618888949900171,0.49446725042859113,-1.039427008380506,0.20193114502295073,-0.9016243614092136
TCCTTATTACCAAACCTCGTGCCACAAATGGCCCCA,0.20784796084117582,0.08832579129623162,-0.016021983089275587,-0.09677306498430338,0.8860492843240084,-0.240150648333356,0.9816821207109575,-0.35675316281380065,0.2340342076920407
GCGCAGCGAGGGCTGCACGCTGCCCGGACGCCGGCT,-1.4593597115324832,-1.3295270521610325,1.5263475314997412,-1.3001062869042435,-1.1704920227947435,-1.1082040455683766,-0.5358051130973869,-1.1613397203624558,-0.309256836458128
CGGGCCCAGCCGAGCAACGTGGGGCGAAGGCGGCGG,-0.3408730037795019,0.18843699007737608,-0.32208917301316964,-0.9318037704327077,0.7974044720982207,-0.4723738459827603,-0.2687699959662101,-0.31712403834520164,-0.0601284236381172
GTTACCAAATATGGACACGTGTATTAAGTTGTGAAG,-0.2753801544388213,-1.043967094263027,1.1436095565281972,-0.7703232811327978,0.854147267352177,-0.9797590349377818,0.824033289782486,-0.7480145338623767,1.6238397851126685
AAAACAAAACAAAACAAAACAAAACAAAAACAAGTT,-0.5307812091018005,-0.6728033228409537,0.4771814141327418,0.5947132386269599,-1.1945800923290306,1.1353296809150515,0.15665802024979084,1.216528513026865,-0.8306499833294003
GCAACGCCCCCTTCCCACGTGGTCTTCTCCCTCTCC,-0.8133067769092122,-0.20909950099085378,0.13405204595621176,-0.9336976430219419,0.8546743503823989,-1.2298463722310977,1.2634343237390364,-0.9508096192315466,2.762763389682741
GTTACCAAATATGGACACGTGTATTAAGTTGTGAAG,-0.3827492701230673,-0.8276193112997463,0.9261039964380436,-0.8796108699587413,0.8367865697678971,-1.0501905381802945,0.6401685734420962,-0.8916225587346404,1.6238397851126685
TGCACCTCCCCGGACCTCGTGGTGAGGGAGAAAGCT,-0.376276886310471,-0.22837213561708025,0.15669197405790336,0.10119232272589503,0.8793225431121093,-0.4536647506969386,0.10178264267235329,-0.22729278972119657,1.0569560650768235
GCAACGCCCCCTTCCCACGTGGTCTTCTCCCTCTCC,-0.953618166344951,-0.8303842482546447,0.773430957729814,-1.1216366464361913,0.8489183976342632,-1.3137122929627343,0.9187206767226385,-1.0236854234691692,2.762763389682741
GCGCAGCGAGGGCTGCACGCTGCCCGGACGCCGGCT,-1.3567886918873213,-1.2066204842630337,1.4066278320689567,-1.2613933030948474,-1.1204925863594133,-1.0860879608686838,-0.0742459717428543,-1.0304301639889644,-0.309256836458128
AGAGTTTAATTTATTGAAGCCATTTCTACTTTTATT,1.59573456304931,-0.5295522805589417,0.37328112033637995,1.3942616840946593,-1.0962041205420996,1.5390211668525244,0.8066121792872888,1.8036651192783744,-0.5860297098095559
TCCTAAACAGGAAGCCATGAGGTGAGCAGAGACACT,0.05078751581459483,0.9137584638977209,-0.7849607753863626,0.3329132042324926,-1.0508753273947868,0.23225707962164896,0.16157434883555993,0.007704355802025488,-0.0611977518455191
GTTACCAAATATGGACACGTGTATTAAGTTGTGAAG,-0.371621513356413,-0.7057914101644005,0.7795529024554142,-0.8650726127296079,0.8408018453078957,-0.9951259667174944,0.6931505896833523,-0.8737130686883385,1.6238397851126685
GCAGCCGAGGCGGAGAGAGAGAGAGGACAGCTTACG,0.4795821959994334,0.4085191446809365,-0.4421619171090922,0.915780344637539,0.8709216583856935,1.0656067203942994,-0.09031053532869755,1.009705905789562,-1.003318511823461
CGGGCCCAGCCGAGCAACGTGGGGCGAAGGCGGCGG,-0.6387623386349001,0.3534320427330032,-0.46134651444539243,-1.1829089949114864,0.8044209512322759,-0.6233172771750833,-0.7401681462632648,-0.5393683709966185,-0.0601284236381172
AGTAAACAGTCCGTTAATGAAATTTGCAGAGGATAT,1.7659277537002533,-0.4073284131436039,0.348199925933095,1.1888322102974695,-1.2199397922713815,1.7279520395592447,1.1329096973976738,1.7112072259577593,-0.2951880770674062
GGCTCGCCTGAGGGCAACGTGGGGCTTCCTGCTTTG,-1.0974138869636225,-2.4131502203096526,2.536581085047545,-1.8556793811702952,-1.3755697300175422,-1.263305021538313,-1.0162831362741251,-1.2868208776962857,-0.0512615451863895
AGAGGTAGGGTTAGGCGCGTGCCGCGAGAACAGAGT,0.4253911957798135,0.6224979569692852,-0.7632748190394693,0.24501523523792318,0.8327315274510922,-0.13191590140067513,0.1788463523952327,0.015940547448401135,-0.263692903451715
GCCAGGGACAGCTCCCACGTGCCCCGCGGCCTCTGG,-0.41193792400890444,-1.148078917872675,1.1263103679355586,-0.6498952653113401,-1.2546735858942457,-0.9325400027988722,1.5115644992481347,-0.8215666236310744,0.9632882756102976
TGCGACCTTGAAGGCCGCATGGTTGTGTAACATCTT,-0.03740313717347242,0.12282264668639886,-0.14675367143748244,-0.05171003778746826,0.8638396268824663,0.37172525061804107,-0.521891726105693,0.0923728889878683,0.5163928712454684
GCAGCCGAGGCGGAGAGAGAGAGAGGACAGCTTACG,0.51563290542234,0.5828467129348678,-0.5995522334708365,0.9403449861626345,0.8757842391356288,1.071772022286121,-0.4421103516305054,0.9330984546036536,-1.003318511823461
ACATAGGGACGGGGCCATGCGGTGGGCGGGTGGAAC,-0.7412947121603353,0.6679180200824117,-0.6499399699359656,-0.3547853542003055,-1.1042159395748063,-0.43012712687704674,-0.3949540402667426,-0.40610993005535595,1.0749787340455068
CGGGCCCAGCCGAGCAACGTGGGGCGAAGGCGGCGG,-0.38232771611369604,0.1942194631657153,-0.34356480487869034,-0.9686228816528692,0.7934738028221487,-0.48849962255696605,-0.6799314075774785,-0.2723986193388159,-0.0601284236381172
GGGCGGCCCGCGGGCCATGCGTTCGGCGCGGCCCAG,-0.22517784743853111,-0.029576582063628207,0.17441181161323074,-0.23157223162996277,0.8821715607607896,-0.11458451084108798,-0.8393127334458871,-0.31570504638266494,0.4403121470802791
AAGCTACTTGACTGCCACGTGCTCCTGCCTCGCAAC,-0.2943014096705669,0.48185483053111755,-0.44435530098621967,-0.5795991709696763,0.8688315787995505,-0.7153046268044143,1.0872521157813164,-0.7535757747027778,1.833815879286808
AGAGTTTAATTTATTGAAGCCATTTCTACTTTTATT,1.7666444244793815,-1.113541100453617,0.976664499441424,1.4436137756847742,-1.1338519377469458,1.5348379474265423,0.7150434442781693,1.943444884983629,-0.5860297098095559
CTCAGGAACAAGAGGGGCCCTCGACCCTCTGGAACC,2.2770317774219686,-1.845389190888477,1.6697512698503605,1.8130860369908413,0.8330264133447618,1.4417753188313092,-1.9008074367017562,2.137212766165608,-0.952482778642704
TCCTAAACAGGAAGCCATGAGGTGAGCAGAGACACT,0.09350050550365102,1.3703826817424385,-1.271824391812884,0.27737817565987655,-1.0057469802806756,0.13149661070716512,0.07471221574073293,-0.03488351786504973,-0.0611977518455191
AGTAAACAGTCCGTTAATGAAATTTGCAGAGGATAT,1.4081022687831246,-0.5332661711847759,0.4815982282415107,0.9414590288621865,-1.2540744853150585,1.6391379529293069,1.1708808316896684,1.5398231882018238,-0.2951880770674062
ATACTCCACCTAGACCTCATGGCCTCGCCACTCTCA,0.9363120394640382,-1.547800050485471,1.4409858384183187,0.9278120057926909,0.8461474928322136,0.525992978917496,0.03390031883386255,1.0077313935693504,0.1350539086115691
AAAACAAAACAAAACAAAACAAAACAAAAACAAGTT,-0.47989321894176346,-0.9633265132481051,0.7555007956931421,0.47305977583599795,-1.2081958217099789,1.115026622524025,-0.32147608996224664,1.3525222874108007,-0.8306499833294003
TATTTTTAGTAGAAATGGGGTTTCACCATTGTTGGC,1.807038553383257,-1.4017635902340386,1.3939632936550392,1.5947336678788555,-1.2465742552552452,1.4354265253755842,-0.9227617702656219,1.3335621394858588,-0.3876631628322542
AGGTAGTTTTCATAGTTTTTTTTTTTTTAACTTTTT,3.7243108284161184,1.4328019868744242,-1.4276898556845994,3.482980341482712,0.9283577033569975,3.294726341467214,-0.5338895036773998,2.9301213217757778,-0.5806194170813077
CGGGCCCAGCCGAGCAACGTGGGGCGAAGGCGGCGG,-0.2774154147969425,0.4056518026537092,-0.5477372951677714,-0.8939263186479701,0.806361218457975,-0.34781840197474884,-1.1723052389716488,-0.2542717518003851,-0.0601284236381172
GGCTCGCCTGAGGGCAACGTGGGGCTTCCTGCTTTG,-1.2720386465647062,-2.104535467111282,2.206431742006921,-1.7257820024026531,-1.356041994673643,-1.2546820320594705,-0.614363866868453,-1.2487013191452814,-0.0512615451863895
GCAGCCGAGGCGGAGAGAGAGAGAGGACAGCTTACG,0.427451887861676,-0.25004787594236544,0.2368856941684957,0.9277563036577148,0.8622991708983685,1.0116416663427519,-0.002412199483792385,0.9336962427070161,-1.003318511823461
ACATAGGGACGGGGCCATGCGGTGGGCGGGTGGAAC,-0.7080748587059442,0.5972448661147236,-0.571428845676298,-0.2593118948487827,-1.085750369187028,-0.35915249790908244,-0.11476059796280484,-0.3619279547793026,1.0749787340455068
GCCAGGGACAGCTCCCACGTGCCCCGCGGCCTCTGG,-0.5332810384545572,-1.7026638279780206,1.7095326431836257,-0.8567729946179518,-1.1639338273503406,-1.0173462218174678,1.5851464556333499,-0.7958617351863375,0.9632882756102976
GGAAGCTGTGAAATCCGCGTGCACACCCATCCCAAA,-0.35307481833652277,-1.0831131399402576,1.106517331921019,-0.31044645475817967,0.8295060263001216,-0.11494376035370904,-0.35960916761171857,-0.20099011317309434,0.1455496317835845
AAAACAAAACAAAACAAAACAAAACAAAAACAAGTT,-0.24935066116484075,-0.8300633790277724,0.6449226996133047,0.7568621535465966,-1.1494479361380059,1.238499902419791,-0.08656377809735032,1.3253923687398559,-0.8306499833294003
GGCTCGCCTGAGGGCAACGTGGGGCTTCCTGCTTTG,-1.1865764076262741,-1.7590002718093423,1.8634000244824278,-1.72873421555647,-1.3647763912923823,-1.245535295486606,-0.8939605316436724,-1.2239444380967899,-0.0512615451863895
GGAAGCTGTGAAATCCGCGTGCACACCCATCCCAAA,-0.43454187256518456,-1.2475825132242013,1.277113021077257,-0.40073961555677506,0.8205353674230818,-0.11993200478739323,-0.8992738162972136,-0.20983013118650382,0.1455496317835845
CGAAGAAAAAGAGCCTGAGAGACGGAGAAAGAGCGA,1.3805728604149978,1.0676459797000486,-1.0656463073621134,2.080957604097861,0.9018998064931422,2.093559356367411,0.6533580268718233,1.7749652520531338,-0.5190078371304754
ATACTCCACCTAGACCTCATGGCCTCGCCACTCTCA,0.5278062832915366,-1.499451202301628,1.3889981335770587,0.5007437369198352,0.8381315954428531,0.29150553490741976,0.0784223917001597,0.6789177453996837,0.1350539086115691
GGCCCCAGCTGCCTCCACGTGTCTCTTCTCCTGACT,-0.5300626610665656,-0.4190298994168657,0.5178191085687124,-0.8421233331188596,0.8594209976709265,-0.9543079037100314,1.13158409139079,-0.9694799305003098,1.3408421800403405
AGAGTTTAATTTATTGAAGCCATTTCTACTTTTATT,1.486924614318743,-0.3388672087398191,0.17680800838309532,1.2340623438992364,-1.1213664896296027,1.4510532076154705,1.0859066798569068,1.609226990828983,-0.5860297098095559
ATACTCCACCTAGACCTCATGGCCTCGCCACTCTCA,1.1094782567735118,-1.2077742480787808,1.12154050916168,1.193566891770565,0.8606291921036754,0.6372651935675943,-0.4116358014086408,1.0462555157862736,0.1350539086115691
GGAAGCTGTGAAATCCGCGTGCACACCCATCCCAAA,-0.3810411822462494,-0.9952291068040839,1.0078601269816456,-0.3646446320913196,0.8364934072413149,-0.14166106883979382,-0.4846878430275287,-0.28230741002188486,0.1455496317835845
AGAGTTTAATTTATTGAAGCCATTTCTACTTTTATT,1.5371680789446995,-0.4326224660271329,0.33789402634603316,1.210333234398809,-1.098223745821047,1.5071936480915678,0.6121716946636633,1.5315084991277301,-0.5860297098095559
AGAGGTAGGGTTAGGCGCGTGCCGCGAGAACAGAGT,0.5654047987022429,0.5788051260773972,-0.730899872085862,0.3243907775809253,0.8312669795271133,-0.12449595775844065,0.19556023581342424,0.222859766904433,-0.263692903451715
GGCCCCAGCTGCCTCCACGTGTCTCTTCTCCTGACT,-0.4684605660138802,-0.5105390721161494,0.6009198134754283,-0.9228357267013183,0.8587464892653418,-0.9650536760626726,1.1095726092907297,-0.9287397655163665,1.3408421800403405
CTTCAGTGGCAGCTTCAGAAGGATAACCGGCACTTC,-1.014335194271927,1.290889037538448,-1.1753380359847596,0.3906206160692301,0.8728189986730965,0.8521224874032827,-0.3981037042207106,0.32921170493055385,-0.6585161476368393
CTCAGGAACAAGAGGGGCCCTCGACCCTCTGGAACC,2.1300118552031524,-1.6867500797266293,1.5553122172196858,1.6056512863344619,0.8313340783974845,1.3621361686954967,-1.9640894248195222,1.8287963726744283,-0.952482778642704
CTTCAGTGGCAGCTTCAGAAGGATAACCGGCACTTC,-1.1011144531925003,0.92074931684043,-0.8089077199079343,0.453341220053947,0.8687131653298489,0.9089297521250154,-0.34978601142410853,0.36663082489579835,-0.6585161476368393
AGTAAACAGTCCGTTAATGAAATTTGCAGAGGATAT,1.8657928042997023,-0.24955633159485976,0.17371323387156196,1.2085507660795205,-1.2310024995866182,1.794911496131923,0.5557403882287999,1.8497974537199544,-0.2951880770674062
GCAACGCCCCCTTCCCACGTGGTCTTCTCCCTCTCC,-0.9879471477416526,-1.1421803857022743,1.097007660727719,-1.0604757022308422,0.8514445375689224,-1.3159166359838528,0.86677853962152,-1.1389800299911,2.762763389682741
GAGGACGCGAACCGGCACGCTGCGCCTTTAAGGAGT,-0.02343046995900418,-0.6604532711091575,0.8431835696581582,-0.4153892770558738,0.8591616317345211,-0.4378911215518134,-1.0346169708170718,-0.5834597723176141,-0.6841164954902146
GCGCAGCGAGGGCTGCACGCTGCCCGGACGCCGGCT,-1.6207034807074725,-1.9584034287922847,2.1668606931550283,-1.4148526849579852,-1.220499388536453,-1.1707157179703698,-0.23280829113397433,-1.150748605884635,-0.309256836458128
TTTCCCCTCGGGCTCCACGAGGATCTCGGGCGCCAG,-1.0987601580375124,-0.9742633749807201,1.1123989058107044,-0.38469740068324365,0.8659052020976931,-0.5662015137211132,1.7470253119430657,-0.7117366457308243,-0.120330085395711
TATTTTTAGTAGAAATGGGGTTTCACCATTGTTGGC,2.0118867004064764,-1.6598448537039743,1.6437837079899127,1.7396706230904324,-1.3427938562804709,1.6076933699658527,-1.016240767354837,1.4866925061662895,-0.3876631628322542
CCGACCACTGGGATCCACATGTCCTTGTCTCTCAGG,0.1623039408210984,-1.0417414906894424,0.9878642780743124,-0.07878127538655828,-1.3574357643049002,-0.03385477964036054,-1.334007028905664,0.10476340603945657,-0.0344544268700079
GGCTCGCCTGAGGGCAACGTGGGGCTTCCTGCTTTG,-1.2597028082632549,-2.2272099168451582,2.395040220674709,-1.8378546979774817,-1.3437127996763207,-1.304015437773898,-0.859663118367709,-1.4070789369552579,-0.0512615451863895
CGAAGAAAAAGAGCCTGAGAGACGGAGAAAGAGCGA,1.263446507370659,0.8579203914188221,-0.851498427385174,1.904214729814108,0.9056732846557058,2.0125826264219113,0.12517409254338638,1.759628062330409,-0.5190078371304754
CGGTGTCCTGGAGGGTCAGGTCAAGAGAGACTTGTG,4.082480958886974,2.3595883731355034,-2.5941419177693974,3.176785705511136,-1.269860745493642,2.7416706050239554,0.9871119258320263,2.90473646130557,-0.6203678473904475
AGGTAGTTTTCATAGTTTTTTTTTTTTTAACTTTTT,3.767285100262218,1.4799561092136042,-1.4419318277087978,3.6332089995171555,0.9336726378606107,3.342170043341214,-0.7529399241728726,3.046551121867735,-0.5806194170813077
TGCACCTCCCCGGACCTCGTGGTGAGGGAGAAAGCT,-0.016014095458209473,-0.6713491708128564,0.6170396826545966,0.20496540018906093,0.8688682934058365,-0.3275069128933721,0.12584616035692137,-0.10268718061957081,1.0569560650768235
GGCCCCAGCTGCCTCCACGTGTCTCTTCTCCTGACT,-0.5693237408390968,-0.02896897863406121,0.09846965066173528,-0.8836214236771275,0.8527976626782995,-0.9498709730670158,1.093057414477012,-0.8756151217445034,1.3408421800403405
GGGCGGCCCGCGGGCCATGCGTTCGGCGCGGCCCAG,-0.11550300554371001,0.15402888575000975,-0.028821730098323107,-0.24945261695776214,0.8821267215026533,-0.055281524237922784,-0.8485860469834058,-0.3325336872319732,0.4403121470802791
CGAAGAAAAAGAGCCTGAGAGACGGAGAAAGAGCGA,1.575769355467017,0.8432901200748694,-0.8501388298449296,2.240767029348444,0.9014452812858212,2.1692825675856544,0.28719520374017576,1.9821622316380016,-0.5190078371304754
TTTCCCCTCGGGCTCCACGAGGATCTCGGGCGCCAG,-1.0827077791460817,-0.49835969550498654,0.616776777052916,-0.4556619206446406,0.8666253025582776,-0.6680003520535829,1.993809980178274,-0.834573043577039,-0.120330085395711
GCCAGGGACAGCTCCCACGTGCCCCGCGGCCTCTGG,-0.36569344236330953,-1.3962951593677566,1.4009866290150734,-0.6241051768167403,-1.2126250895918662,-0.7930357812629044,1.5134555336398683,-0.7400379875538204,0.9632882756102976
TATTTTTAGTAGAAATGGGGTTTCACCATTGTTGGC,2.0275747025254405,-0.9848042704334454,0.9431027214857957,1.7397263252254087,-1.2758555908524,1.61988426718986,-1.2749556130373627,1.5367859415756266,-0.3876631628322542
CCGAGGAGGGCGGACCACGAGGTCAGGAGATGGAGA,-0.5272423754654051,-0.04197442282923232,0.09499929671912913,0.1708756935828115,0.8721458524034045,-0.2759006003050123,1.3040692085042465,-0.30379759042470766,1.2292602568286917
AAGCTACTTGACTGCCACGTGCTCCTGCCTCGCAAC,-0.3022956638665459,0.38880275474098674,-0.37631533126331407,-0.7314988930534431,0.86654453373349,-0.8168387485753653,1.6252906169314112,-0.7470182203567639,1.833815879286808
GGCCCCAGCTGCCTCCACGTGTCTCTTCTCCTGACT,-0.6031905081050755,-0.2503209561354298,0.30558668369003317,-0.8812819340080711,0.8470565982988786,-0.9286420346880051,1.1700679163448822,-0.7672282888614695,1.3408421800403405
AAAACAAAACAAAACAAAACAAAACAAAAACAAGTT,-0.39693901388802116,-0.9192718511003773,0.7020708658367594,0.5671406818130716,-1.1792638025557447,1.1392947781280556,0.1300868372769425,1.384766615410549,-0.8306499833294003
TGCACCTCCCCGGACCTCGTGGTGAGGGAGAAAGCT,-0.1327237840328925,-0.10134205680365063,0.02116038058130369,0.15076722285590802,0.8822001082078651,-0.3650237980718626,0.5318731000383426,-0.13879599736834455,1.0569560650768235
CCGACCACTGGGATCCACATGTCCTTGTCTCTCAGG,0.10729315223050266,-0.7896270294382628,0.6771323916172399,-0.2215458473340105,-1.3446499639615437,-0.1787939682631124,-0.900482793885062,0.12885607808420996,-0.0344544268700079
AGTAAACAGTCCGTTAATGAAATTTGCAGAGGATAT,1.7631019296449553,0.0005782982566157485,-0.08672856677247444,1.103830752321734,-1.2130877426061704,1.7643890163105256,0.9239108830977546,1.707747300874644,-0.2951880770674062
CTTCAGTGGCAGCTTCAGAAGGATAACCGGCACTTC,-1.093047477674793,1.2749957703015278,-1.1746695045975204,0.2816115379181737,0.8607860143759358,0.8301080950733402,-0.3671866553669233,0.33251463515824164,-0.6585161476368393
CTCAGGAACAAGAGGGGCCCTCGACCCTCTGGAACC,2.5184178984037753,-1.653202178007449,1.4704162426327654,1.8643320011701807,0.8335987509615551,1.5060738653104917,-1.6525186440544306,2.189202216367442,-0.952482778642704
AGGTAGTTTTCATAGTTTTTTTTTTTTTAACTTTTT,3.5673535830515712,1.094264471520009,-1.0358177889507436,3.4225992271670544,0.9375018159181664,3.276955104197939,-0.4745428096991145,2.7979376917678405,-0.5806194170813077
CCGACCACTGGGATCCACATGTCCTTGTCTCTCAGG,-0.04159219550996039,-0.7380285269568307,0.6678029985507986,-0.2191506555299747,-1.2725217713878954,-0.1076255292131571,-1.2145907571095855,-0.039134455488985725,-0.0344544268700079
AAGCTACTTGACTGCCACGTGCTCCTGCCTCGCAAC,-0.4657495924761596,0.9999698808513303,-0.9640896292152801,-0.7081039963628726,0.8782758214743589,-0.7710440866501408,1.1184797056343787,-0.9327008664841211,1.833815879286808
ATACTCCACCTAGACCTCATGGCCTCGCCACTCTCA,0.9350907850625816,-1.220916232370484,1.1069154461178858,0.9641854999330238,0.8520785640787257,0.5504126524909172,-0.5424060944131772,0.994803471051101,0.1350539086115691
CGGTGTCCTGGAGGGTCAGGTCAAGAGAGACTTGTG,3.4166126621541046,2.133867112544951,-2.330214740005596,2.756067480025729,-1.1903937785929068,2.4764419353331384,0.9547017607760688,2.5336489291796807,-0.6203678473904475
TCCTTATTACCAAACCTCGTGCCACAAATGGCCCCA,0.21642661590489215,0.02382424969208511,0.0009992767243548692,0.015578141265409162,0.884308911775472,-0.2068490445159515,1.0837329293648261,-0.21938870257669277,0.2340342076920407
GCGCAGCGAGGGCTGCACGCTGCCCGGACGCCGGCT,-1.5055926270680697,-1.393810129610789,1.5973019976073215,-1.3993674914342347,-1.173706262173443,-1.1555122062794958,-0.04903784704071866,-1.1341856486368287,-0.309256836458128
GCAACGCCCCCTTCCCACGTGGTCTTCTCCCTCTCC,-1.0577777524343726,-0.6059805995956575,0.5569244389261593,-1.2147149139836653,0.8716429878060854,-1.3607975729176784,0.8285699102289881,-1.1807104702169846,2.762763389682741
CTTCAGTGGCAGCTTCAGAAGGATAACCGGCACTTC,-1.1016050458068358,1.1984172571585985,-1.08113520309722,0.37307444355130387,0.8733640593156728,0.8753096923822118,-0.1551547878063733,0.30441255603636913,-0.6585161476368393
TCCTTATTACCAAACCTCGTGCCACAAATGGCCCCA,0.030621605486948658,0.10403472940288852,-0.08815576861032597,-0.08618965933856694,0.8772251545311833,-0.23887144939539515,0.7474489714276721,-0.36056330718979884,0.2340342076920407
TCCTTATTACCAAACCTCGTGCCACAAATGGCCCCA,0.17479607035326758,-0.12322260727369576,0.16415098155784139,0.08748959752142324,0.8719168968367617,-0.12036678855645071,0.7081654505392581,-0.1798984581725104,0.2340342076920407
GAGGACGCGAACCGGCACGCTGCGCCTTTAAGGAGT,-0.25962427239989394,-0.561536798172804,0.7568679048220219,-0.6012673014759442,0.8742253413711543,-0.5006444595048467,-1.2465527392331812,-0.7588713319416882,-0.6841164954902146
AAGCTACTTGACTGCCACGTGCTCCTGCCTCGCAAC,-0.14243484572009255,0.9188172744744573,-0.8984383446736035,-0.41978974571910266,0.8780470470491081,-0.5803357461952656,1.2717546358522116,-0.6391325633583692,1.833815879286808
TGCGACCTTGAAGGCCGCATGGTTGTGTAACATCTT,0.17376773126448783,-0.06660625624457123,0.05585640841858904,-0.036280546398684096,0.8672543486746841,0.45342961462809656,-0.3982646745208949,0.12587317583104868,0.5163928712454684
GCGCAGCGAGGGCTGCACGCTGCCCGGACGCCGGCT,-1.446637791759595,-1.41037244332074,1.5974221830252648,-1.3338617807006359,-1.1346221624769528,-1.0825401778939998,-0.31161784131921844,-0.992588365566793,-0.309256836458128
ACATAGGGACGGGGCCATGCGGTGGGCGGGTGGAAC,-0.9349808016950849,0.14975518072836536,-0.10338927033233129,-0.5306926964593965,-1.1257520225238893,-0.5615936085955427,-0.20406476573701088,-0.5406967890040975,1.0749787340455068
CCTCAGGGACTAGCTCTGTGAAACTGGCAGACTCCA,-1.7928388805993576,0.3446183795015163,-0.34968674960426244,-0.16511958460174694,0.8559240901814072,0.5605875330649512,-1.0251380679450761,0.3662081464388744,-0.9016243614092136
TCCTAAACAGGAAGCCATGAGGTGAGCAGAGACACT,0.3505105885795728,0.9574239867703485,-0.8379775678685792,0.4717229245965381,-1.093227820132937,0.2025421832511206,-0.04135664822152384,0.11301167421317193,-0.0611977518455191
GGGCGGCCCGCGGGCCATGCGTTCGGCGCGGCCCAG,-0.20708452709316064,0.12680961750527195,0.018771695400046497,-0.2873857708774725,0.8797479802435817,-0.11154174959425496,-0.4781335162362156,-0.40629107796546865,0.4403121470802791
ACATTTTTGGCCTGCAACGTGGGGACTCAAGAAGCA,-0.6720472455677029,1.173430419492286,-1.303260390188936,-0.9910151399138367,0.8354428611024349,-0.8043329170983422,-0.2710961706863982,-0.7912726547968612,0.3140973354058065
CGGTGTCCTGGAGGGTCAGGTCAAGAGAGACTTGTG,4.112233893819969,2.232606083355882,-2.4552751789453495,3.191825281955074,-1.1514896459653579,2.8073079022866367,1.0471178902425327,2.8360270590004997,-0.6203678473904475
TCCTAAACAGGAAGCCATGAGGTGAGCAGAGACACT,0.4268908026233238,1.2287428125995523,-1.1204057884042828,0.5976654517807701,-1.0068644957687927,0.33343558779625015,-0.04939653357287335,0.19761378649864206,-0.0611977518455191
GGGCGGCCCGCGGGCCATGCGTTCGGCGCGGCCCAG,-0.2283252438601491,-0.6833032562647372,0.8243820633415382,-0.36169241893751586,0.8672385894411134,-0.15068539143336562,-0.7017941994055293,-0.2780142045522556,0.4403121470802791
TATTTTTAGTAGAAATGGGGTTTCACCATTGTTGGC,1.8655428550241486,-1.3275608747709076,1.3435004413037235,1.7327078562182394,-1.2286275959286987,1.5598294591223343,-1.520899495406173,1.4256577369862513,-0.3876631628322542
TGCACCTCCCCGGACCTCGTGGTGAGGGAGAAAGCT,-0.1529274048075713,-0.48050025087791565,0.43857184862425475,0.212819401220895,0.8760859481738104,-0.2777538630496287,0.24990580613367586,-0.1999032257124295,1.0569560650768235
CGAAGAAAAAGAGCCTGAGAGACGGAGAAAGAGCGA,1.4875754122486733,1.327229184231813,-1.3556612324043058,2.092599350308167,0.9045025156123454,2.1215807954077066,0.5171322798289187,1.8511439865184443,-0.5190078371304754
CCGAGGAGGGCGGACCACGAGGTCAGGAGATGGAGA,-0.7784220424054038,-0.28796506075075495,0.3440910869578198,-0.19971061042281094,0.8694486496101054,-0.48601082815481095,1.6086535056909101,-0.5044007860815397,1.2292602568286917
GCCCCGGTCTTACTCCTGGGCCTCTGGATTTGGGCC,1.3052188408370553,-0.41649708062608987,0.27759099290204536,1.3559386152301158,-1.2081178280253304,0.9377441492817848,1.179616259775468,1.26846965711934,-0.5464381283566269
CCGAGGAGGGCGGACCACGAGGTCAGGAGATGGAGA,-0.7175926769157669,-0.2552500536203981,0.29973515615474905,-0.03655905707358107,0.8665079706591775,-0.4509366667069867,1.2972429786577622,-0.5167128057054128,1.2292602568286917
TTTCCCCTCGGGCTCCACGAGGATCTCGGGCGCCAG,-1.0930620123315133,-0.5147581610991195,0.6542896506228394,-0.41917702223434233,0.8848437172348365,-0.5655694446433968,1.7729727519882463,-0.7737737666801436,-0.120330085395711
CCTCAGGGACTAGCTCTGTGAAACTGGCAGACTCCA,-1.9588039862888385,-0.16281240826470056,0.2023474096922187,-0.27418436488779246,0.8717622208869259,0.45361306602850293,-0.9343473507147316,0.10936456295627257,-0.9016243614092136
CCGACCACTGGGATCCACATGTCCTTGTCTCTCAGG,0.10304042818257793,-0.8446390343331021,0.7439554839836666,-0.1860635873533153,-1.3098749105456189,-0.13978380302213947,-1.0327033961691119,0.1404736973859886,-0.0344544268700079
GAGGACGCGAACCGGCACGCTGCGCCTTTAAGGAGT,0.007967913069922538,-0.5010222273874538,0.6627852573523976,-0.37751182527113625,0.8517152469674595,-0.41520695451608913,-1.25507668115766,-0.34707382615020604,-0.6841164954902146
AGAGGTAGGGTTAGGCGCGTGCCGCGAGAACAGAGT,0.5152215655008248,0.5885950509990804,-0.7115349966225906,0.3960794252970316,0.8434784610244963,-0.1255173406015709,0.3307510566301705,0.04768369956350734,-0.263692903451715
CCTCAGGGACTAGCTCTGTGAAACTGGCAGACTCCA,-1.1297929352608531,0.24751788984899753,-0.21950340722537967,0.29113660299933425,0.8805123796902083,0.8219346891091177,-0.9004691665743133,0.568079377466484,-0.9016243614092136
TGCGACCTTGAAGGCCGCATGGTTGTGTAACATCTT,-0.24348566767716961,-0.08334607208002193,0.0637961575902721,-0.12378860044841726,0.8515465983310513,0.3664451303749031,-0.3167697440096316,0.0024933342545015494,0.5163928712454684
GGCTCGCCTGAGGGCAACGTGGGGCTTCCTGCTTTG,-1.3072403731780506,-2.2692642665786855,2.419693254526613,-1.7403759617667725,-1.4154897148282184,-1.2798629568896456,-0.802295747948126,-1.3382427311131049,-0.0512615451863895
AGTAAACAGTCCGTTAATGAAATTTGCAGAGGATAT,2.1346550457283415,-0.231888043102893,0.16152192554072575,1.3568855515247298,-1.188433824657736,1.9320777075170124,0.7890913767604738,1.799830821847694,-0.2951880770674062
TGCGACCTTGAAGGCCGCATGGTTGTGTAACATCTT,-0.022696391443781536,-0.5986620504212863,0.5704978795630621,-0.25012104257749534,0.8649135758989976,0.3246823619384467,-0.6554508126509003,0.05061829570730411,0.5163928712454684
AAAACAAAACAAAACAAAACAAAACAAAAACAAGTT,-0.3819443932124182,-1.1932805168313345,1.0045249816342257,0.6558741828323059,-1.222745101494557,1.1324970615730388,0.1486159151832841,1.3599070838796599,-0.8306499833294003
CCGAGGAGGGCGGACCACGAGGTCAGGAGATGGAGA,-0.2760224439741413,-0.05683681233730778,0.06507312765575077,0.23103399935855767,0.8757185491676172,-0.2919586671189573,1.4505279184994295,-0.21219713054528874,1.2292602568286917
TCCTAAACAGGAAGCCATGAGGTGAGCAGAGACACT,0.4158862583941742,1.2232539007187229,-1.1040755947436856,0.5700371928319057,-1.000071058616144,0.4230113296935971,-0.05970898449114813,0.2405579177222714,-0.0611977518455191
GGGCGGCCCGCGGGCCATGCGTTCGGCGCGGCCCAG,-0.08592383829593454,-0.36588166683969475,0.5094211524911909,-0.1987079719932144,0.8698312157596529,-0.04961504151537904,-0.3457979396792574,-0.18731948422338882,0.4403121470802791
TCCTTATTACCAAACCTCGTGCCACAAATGGCCCCA,0.005151071928135676,-0.06880455179876772,0.12841084290235655,-0.2501767447124747,0.8805536188829135,-0.30567361933141457,0.8082487217264004,-0.474704605350692,0.2340342076920407
GCCAGGGACAGCTCCCACGTGCCCCGCGGCCTCTGG,-0.4417573982219243,-1.2437184284921534,1.201749252449515,-0.8222376709318736,-1.2032614196421436,-0.9495324971590494,1.6086026660166486,-0.6905423402478486,0.9632882756102976
GCAGCCGAGGCGGAGAGAGAGAGAGGACAGCTTACG,0.26673081346655403,-0.6362105769690211,0.6668790731504861,0.6687413760121161,0.8751110037483787,0.9436965717438052,0.07147338373505138,0.723522399132661,-1.003318511823461
GGAAGCTGTGAAATCCGCGTGCACACCCATCCCAAA,-0.5925988364880629,-0.9483344106483637,0.9936482013119894,-0.4688633266343141,0.8337461806941835,-0.2628988663829352,-0.18419467998582184,-0.4453042995396884,0.1455496317835845
GAGGACGCGAACCGGCACGCTGCGCCTTTAAGGAGT,-0.18792239990025306,-0.9668970367725921,1.1347609051334444,-0.558209551138299,0.8530118214828656,-0.525021530198663,-1.1793805637448351,-0.7005658579406518,-0.6841164954902146
CGGTGTCCTGGAGGGTCAGGTCAAGAGAGACTTGTG,3.9014458736544393,2.3493478658952562,-2.5511155381521697,3.1215848897483895,-1.1398793560215144,2.6775312335519277,0.8607449060958206,2.746250154749525,-0.6203678473904475
GGCCCCAGCTGCCTCCACGTGTCTCTTCTCCTGACT,-0.5739653950814116,-0.16644437483260016,0.25281026204359053,-0.9195493007376383,0.861881081311497,-0.9104666543036158,1.2400307820872105,-1.019150687452726,1.3408421800403405
TTTCCCCTCGGGCTCCACGAGGATCTCGGGCGCCAG,-1.3682902790960565,-0.9338611604153884,1.0616355899145589,-0.7787900056493856,0.8653750408991342,-0.8916545905097202,2.010555279896231,-0.9405566475192688,-0.120330085395711
AGAGGTAGGGTTAGGCGCGTGCCGCGAGAACAGAGT,0.5785166720036011,0.8233620929851911,-0.9646454867732115,0.2778794948746748,0.8357448687467348,-0.09969500243001178,0.5349622313993757,0.08544700055796343,-0.263692903451715
CGGTGTCCTGGAGGGTCAGGTCAAGAGAGACTTGTG,3.772619313677882,2.0867334712203185,-2.255729827246438,2.9560938467301003,-1.079688985620334,2.5703024828089416,0.8977678335744532,2.5071771812488053,-0.6203678473904475
GCCCCGGTCTTACTCCTGGGCCTCTGGATTTGGGCC,1.0060264699315604,0.30593657015248,-0.4479909098784416,1.1717873569943416,-1.200663228538179,0.8634622198356197,0.3678963082463139,0.9741646858257974,-0.5464381283566269
ACATAGGGACGGGGCCATGCGGTGGGCGGGTGGAAC,-0.7798552051191227,-0.3461174878659626,0.37739747090034687,-0.4963244791782501,-1.0914100212583102,-0.48004644277237,-0.2558156011162632,-0.41520355514292207,1.0749787340455068
GCAACGCCCCCTTCCCACGTGGTCTTCTCCCTCTCC,-0.8598034146393662,-0.3545624928367691,0.2843213763058569,-1.059305957396314,0.8449954045195341,-1.285262594322637,1.2954198143337758,-1.0777701511646176,2.762763389682741
GCCAGGGACAGCTCCCACGTGCCCCGCGGCCTCTGG,-0.3669501461214784,-1.457055502326783,1.435802842270302,-0.8562716754031567,-1.2541393924998017,-1.0365080026027098,1.6424470700153735,-0.8105528306963323,0.9632882756102976
