sequence,Delta_Entropy,EEL,EGB,ESURF,HB Energy,Hydrophobic Energy,Pi-Pi Energy,VDWAALS,improving
ATCCCTGGCTGTTTCCATGTGGCAGATCTGAGGAGC,-0.04758495543667785,2.0792064909364796,-2.0409838096230812,0.20587409022181943,0.8339513341692085,0.1432307063457442,-1.670721082781687,0.0014750605387851895,0
GAGGACGCGAACCGGCACGCTGCGCCTTTAAGGAGT,-0.08291257219813604,-0.34633801079768467,0.5263824662924218,-0.42176173711140696,0.8033614183558537,-0.43103481852305137,-1.1786033243048393,-0.6441226342319791,1
TGCTTGCTTCTTTACCATGTGCTCAGAGGCCACTTA,-0.5227551054042702,2.268508642475406,-2.259138412696869,-0.508015127804017,0.8161463486734072,-0.3186335491163646,0.2571940014095006,-0.512403120799148,0
ATCAAAATATGAGAGCACATGTTTGCTGCCATTAGA,0.049619386667030266,-0.4754512966915617,0.511684800818724,-0.5197219062599641,0.800998309339937,-0.19881944014785727,-0.0767182106398838,-0.46568467486051535,0
AAGCTACTTGACTGCCACGTGCTCCTGCCTCGCAAC,-0.4937517703742557,0.6402907068791605,-0.6164458687114385,-0.7689731241896856,0.8091276912095287,-0.7576218270290053,1.287892519486566,-0.828133380285581,0
ATCCGAAACCCAGCCCACGTGGGTTCCCAGACCACC,-1.8139840475606661,0.14119537862895454,-0.14847011155224055,-1.964096158513542,0.7563797466697163,-1.3831364814298344,1.2321887701615701,-1.5338795907631113,0
GCGCTGGGAGGCGAACACGTGCCCGCCGCCCCATCC,0.06934938237526878,-1.267262239615541,1.2614941672800721,-0.5017356297816782,0.7893206001463058,-0.6817190277547646,0.2611149668252068,-0.5912726395037707,0
GGTTACCCGGGCAACCGCATGGTCTCGCGATACATA,0.23988452909466756,0.26354084576833686,-0.5093656744724698,0.17577735327187566,0.7489682101089342,0.041969699898851034,-1.5715666122012009,0.4239437169379368,0
AGCGAGCCCAGGTGGCACGTGTCAGCCAGGCAGCCC,0.012037661400067437,0.15209544266687605,-0.07137263275996855,-0.580005087274458,0.8157392188887514,-0.811243255229494,0.010396327497262828,-0.951555523662836,0
CGGTGTCCTGGAGGGTCAGGTCAAGAGAGACTTGTG,3.7972451743992117,2.6189445087287537,-2.8278114525349474,3.1032793312883533,-1.2680187794580695,2.6674544266461724,1.0611855153766698,2.709176895610072,1
TTTCTCTACCAAATCCACGTGGAGGCGCAGGCCAGA,-1.3279839136387381,0.48986624545376184,-0.5163490235207678,-1.4435706260185739,0.7576033628232189,-1.3230074127692375,1.5450565915064114,-1.3161255471771955,0
ATTAGTCAGTGGAGACATGTGCTGGACTTACTCAGT,-0.20905174211298364,1.3762596915342837,-1.2853267041455902,-0.21005294664382715,0.8199056654067749,-0.27776559282189545,-1.2929337712695173,-0.42815366251142045,0
TACCAGGCATAGGACATTTTCCTTTAATCCTAATAA,1.7368028634281294,-0.7652212704272298,0.6661147122030108,1.2865756998671083,-1.284819077335702,1.536953477427019,-1.2582304348210276,1.7363275633853683,1
AACTTGAGATGTCCCCACGTGCCCCTCCCCCTCAGC,-0.4068815933051197,0.42846096128366506,-0.40780689452779145,-0.8146788990808881,0.7879183134229938,-0.8150419587414431,0.7347382590936825,-0.7796743656582953,0
TCAAGTCCTGCCTCCAGCGTGCAGTAGCTCTGTAAG,0.146985991368481,-0.644557323013553,0.3878967808193074,-0.36416976953505054,-1.6054325132499654,-0.6733750496219737,0.07763564403976818,0.0819813071864276,1
TCCGCCTCCGTCCCCCACGTTGCGTTCTGGGAGTTG,-0.6065437651572867,0.8563361774609173,-0.7813769096460037,-0.6043605688896893,0.7998978782151759,-0.7530311496569821,-0.01755183371600409,-0.7635839948830664,0
CATTAAATGGCACCACAATCTTAAATGCCCATCCAG,-0.2611866283611933,-1.0446278353565481,1.236621696978088,0.1960960147298826,-0.9600624830506123,0.5834681057667859,-0.3598494774619594,0.23876599869534781,1
TTAGAAAAATAGTTTAAAATCTAGAGTTAATTAACC,0.6972364586298881,0.02255879542360512,-0.13137069612556387,0.7142891622451177,0.7959927924213336,1.2661689323979166,-0.06320265021600827,1.319580037590687,0
CCCCCAGCGCTCCGGCACGCGCCGGGAGACCTCCGG,-0.0946363392692655,0.7641566971748966,-0.7833544374605519,-0.20121679585524835,0.8086697400266201,-0.7748582484973286,0.8223227873580651,-0.735245360920925,1
CGGCTTTTTCTTGAACACGTGGAATATACTAGCGCT,-0.8209415264678472,0.10311670852691321,-0.04895412436654236,-0.8678752180415977,0.7809958823012637,-0.8459104455022592,0.2957599453558919,-0.9802749070256235,0
TTTTTTTTTTTTTTGAGAAAATGAAGACAATTATCT,1.5493223584644877,1.2643134102165803,-1.279120007935365,2.0625422411995453,-1.2174173961760828,1.9390864226746645,-0.03980992481936054,1.7553007510511751,1
CAGTAAGAGCAAAACCTCGTGCCCCCCCCGCCCCCC,-0.16171352956718704,-0.81401515665405,0.6347483799355632,-0.2368753739106919,0.7613058699464135,-0.2942785664834823,1.4989354332145888,0.06346304088242502,1
GAACAGACTGGCCTCCACATGTTAAGTAAAACATTT,0.07751746592650932,0.3214101682456223,-0.35954999465556464,0.03013785271080853,0.7988749293845595,-0.2653849116601102,-0.6599917489183892,-0.028436019000038483,0
CAACTGGCTTTCAAACATGTGGTGTGCACAGTTGGT,-0.7131669381584215,-0.33404860599341757,0.33039183832894037,-0.7655194002774057,0.7667571446913767,-0.28415463215142545,-2.0006780859536932,-0.264945679165673,0
GGCGCTCAATCTATGGTAGACTTCAATGAAAAACTG,1.5217652078738595,0.3322386782527067,-0.438344362001671,2.1065884344705537,-1.1675012987535265,1.6011198720369564,0.29514295119260153,1.8685168325722374,1
GAGCAACAGGGACCCCACGTTGGTGACCCTCCGCGG,-1.0348177473929885,-0.9225089559815981,0.9359591512232248,-0.9755237555674883,0.7644591332771273,-0.6992780133760473,-0.19030530617334165,-0.6810751052839922,1
TCCGCCTCCGTCCCCCACGTTGCGTTCTGGGAGTTG,-0.3728381913033027,0.9492133095480653,-0.8981685276081577,-0.5413861744370458,0.794608921827205,-0.685491450072802,0.4988434796879432,-0.6124462620174478,0
GGCCCTTACTCCCTTCGGCTCCTAGCCCCGGCCCCG,0.07758302485820792,-0.2137066517187247,0.19392936613156866,1.090879629356513,-1.325769404208282,1.1371299847510117,-0.5961883586674982,1.1912526551817677,1
GCCTTTCTCAGGCTCCACGTGGTGACGAGATGGTTG,-0.6206983546311948,0.1511652402653812,-0.14374492957937213,-0.6074554643435555,-1.3062966770235016,-0.7977376820849508,0.37700566773101446,-0.7282731965714887,0
CTTTAGATTTTTTTCTTACCTTGTTCTAGCAATTAG,1.6555134928281925,-1.3251613762722716,1.2832991851963798,1.7473114404779087,-1.2261741272252873,2.1067895775082635,0.016062894953387162,2.182531247357069,1
GTCGGCTATCGCTTTGCCTCGAGCTTCCTGCTGATG,0.29257360221077006,-1.3674557713605744,1.2827705391468749,0.353711415090701,-1.3331567790057761,0.9219904719955715,0.4057239472200064,0.9826069284268211,1
CGGTGTCCTGGAGGGTCAGGTCAAGAGAGACTTGTG,3.457880549121022,2.2818713577429954,-2.4790225367966654,2.821374723642442,-1.2449815534817334,2.510254699399297,1.0209616060624238,2.6025077258611042,1
TGCGACCTTGAAGGCCGCATGGTTGTGTAACATCTT,-0.16195249216027097,-0.045000135402489407,0.04126813473987692,-0.23871436976009278,0.7915412187107786,0.2811250014261283,-0.6383218031539578,-0.004260904457913591,0
GAGCAACAGGGACCCCACGTTGGTGACCCTCCGCGG,-1.0899498267166219,-1.0987107570328498,1.0972027228004428,-1.0458989869750384,0.7498647290456829,-0.7449782180371949,-0.5967589781570802,-0.4683647550572522,1
AGAGCAAGGGCCCAGCAGAGGAGGAATTCCAGGGGA,-0.4537898375574527,1.3850846886765766,-1.3321804077136892,0.13890772916925792,0.827205535665352,0.03421227231985994,0.6083987119827863,-0.28745439698030817,1
AGAGGGGAATCTTTCCACGTGCACCCAGTTCTTTTT,-1.0134458688229908,-0.031118653411031243,0.17757397107070688,-0.9814892786887108,0.806371325570555,-0.7592762526799517,0.608145293598688,-1.0597724150014345,0
GCAACGCCCCCTTCCCACGTGGTCTTCTCCCTCTCC,-0.8730091333267592,-0.645672373328165,0.5843377368989532,-1.0528961419142164,0.7880357481874268,-1.2194682271278217,1.0329297979190044,-1.046851659366627,0
CTTTCTGGTTCTTTGCATGCGTTTGTCACTTTTTCT,-1.0902694864909517,-0.8184813207483816,1.0778581932871616,-0.840110866071378,-1.0503650725565714,-0.4219810796665657,-1.5132375328335204,-0.8449358018879796,1
GCCCCGGTCTTACTCCTGGGCCTCTGGATTTGGGCC,0.9931243820983231,0.17750904930248115,-0.3207956706847096,1.1131269937785302,-1.3748662106405134,0.7478769724579172,0.5881342901790463,0.9589707968024924,1
TCCTAAACAGGAAGCCATGAGGTGAGCAGAGACACT,0.1296434453509184,0.6373510287770411,-0.5156898475825945,0.32442204217220266,-1.15138174245116,0.13030361883138147,0.00039223374714276787,0.10853486928321725,1
TGCACCTCCCCGGACCTCGTGGTGAGGGAGAAAGCT,-0.41388640758120226,0.01265452498208057,-0.07543863879463561,-0.04055135359786092,0.8203277944608303,-0.45865894157437015,-0.04310102523341265,-0.35219662948184566,0
CCGGCCGGGCCCGGCCGCGTGCGCGCGGGAGGCGGG,-0.3020540536534877,-0.3793601960505607,0.3657523851922664,-0.13837696207450248,0.7775401712586398,-0.1617373774758877,-0.8139147779798216,-0.24801963762800205,0
GTGCAATCGCCCAGGGAACCCAAAAAGGAGCCCCGG,0.5610426670052772,0.16447429000981076,-0.14734102801455365,1.1813492544355602,0.8340102005696916,1.3352650902545105,-0.8271881865788886,1.1930772854264078,1
GCGCTGGGAGGCGAACACGTGCCCGCCGCCCCATCC,0.003400548184730824,-1.2745607507656724,1.2527812972057657,-0.6220777240241561,0.7736031376084181,-0.6929908788648658,0.20304552775191229,-0.530169777896682,0
GGAAGCTGTGAAATCCGCGTGCACACCCATCCCAAA,-0.4946081046268087,-1.2412523493892438,1.256024964941305,-0.41171454027565996,0.7599087254607556,-0.2676455361862668,-0.4048168416900646,-0.25664830911010206,0
TTTCCCCTCGGGCTCCACGAGGATCTCGGGCGCCAG,-1.0817940602833234,-0.5793894893861615,0.7068726699663153,-0.553810609809826,0.8029783352402861,-0.7235401243731104,1.9588080771686351,-0.8288948790868677,1
AAGAGATGAGAAATACACGTGTTTGGACAAAAGACT,-0.5170988771765442,-0.36695749736403915,0.45221538350263374,-0.7951676016543237,0.8122423845424689,-0.7678262846331814,0.9571896917663385,-0.8840095910292892,0
CACTCCACTCCAGTTCACTCTATTCAGTTCCACTCC,-1.0255944434230706,-0.703929280139362,0.7405885402313581,-0.361702823883417,0.7561500736284793,0.3991333192111712,-1.195321220384602,0.3396250314864536,1
CCACTGCACTCCGGCCTCGTGGCGGGCGACCTCCTC,0.027867765908484197,0.32326461021270253,-0.36308735464086633,0.27571107894173424,0.8081999009149637,-0.2712666270472306,1.4104577920173111,-0.19811179735930382,0
AGAGGGGAATCTTTCCACGTGCACCCAGTTCTTTTT,-0.9836530555517199,0.5965652311733244,-0.4867187387737413,-1.0526718741277064,0.8015307953472671,-0.8616883962566464,0.6742848083861497,-1.0369175613680313,0
GGTTACCCGGGCAACCGCATGGTCTCGCGATACATA,0.031778232424690904,-0.3169412297762875,0.09707618867643754,-0.13447470258919078,0.7670616499703916,-0.11573877711608017,-1.4418137509409072,0.08547727895596514,0
GAACAGACTGGCCTCCACATGTTAAGTAAAACATTT,0.1367963276793168,0.4037271179414846,-0.4421819407309798,0.055838941045108496,0.7896637480212825,-0.26679185668449845,-0.7114186966715903,-0.10814615326451905,0
TGCGACCTTGAAGGCCGCATGGTTGTGTAACATCTT,-0.17650639953379124,-0.2764177969524344,0.2595402147135082,-0.19498215139020067,0.7954724703518116,0.2664452016811472,-0.4897351543016831,-0.018388190660996204,0
AGAACCTCTGGCTCGCGCGTGCCTTTTCCCCTCAGG,0.13682215050083296,0.4612625216079672,-0.5133011506183847,-0.18852323913864905,-1.2569997552907914,-0.2860141468984746,0.05971235830311606,-0.26276996830486243,1
ACATTTTTGGCCTGCAACGTGGGGACTCAAGAAGCA,-0.5666783020758228,0.9556412466558222,-1.0706768285848463,-0.872360573771845,0.7748966571041143,-0.7652694587752689,-0.6958021541278971,-0.7724302374512517,0
GTGCAATCGCCCAGGGAACCCAAAAAGGAGCCCCGG,0.6881829975692054,0.3543607994675847,-0.3593411468335835,1.396825743716539,0.8433340247045081,1.4655676892511755,-0.7205180564063787,1.2652515484366014,1
CAGCCTGTTGTTGGCCAGATGGTCTGGGGTGAAACT,-0.7499173725726032,0.8926081082831031,-0.8380856198149209,-0.788260153829746,-1.3004382331772368,-0.1499847939558599,-0.32544090402923787,-0.540296722994306,1
CGAAGAAAAAGAGCCTGAGAGACGGAGAAAGAGCGA,1.244956897424575,0.8561692180555541,-0.8782170341121982,1.8585482625879945,0.8354821342660046,1.9304681080775634,0.43737028298180586,1.7431958869891764,1
AGTAAACAGTCCGTTAATGAAATTTGCAGAGGATAT,1.8819584521844896,-0.0709503972696918,-0.016974301622004227,1.199111263127333,-1.384908382033176,1.7014160953768003,1.0683959910434397,1.6698398173977647,1
ACCAACCCCTTGGGGCACGTGTTCTCAGGAGTTCCT,-0.3571437727217475,-0.7790729382391406,0.7892631357475473,-0.7801865135153035,0.7894736674347935,-0.9203573028778521,1.1732436988912744,-0.8948584765489116,0
TTGTGCCTGGGCCACCATGTGCCTTAAATTATAAAG,-0.16835342795219574,0.8618398750030632,-0.7972819765905615,-0.5880787275889006,-1.1690576691790213,-0.3706907574714416,-0.04486086075451625,-0.504773298394056,0
CACTCCACTCCAGTTCACTCTATTCAGTTCCACTCC,-0.7395107479666911,-0.5712740697167641,0.5867068543798418,-0.26109629485401953,0.7515887908127896,0.47454791037357164,-1.00184530993524,0.4105482607516786,1
CCAGCTCTCCACCGCCGCGTGCGCCTGCAGACGCTC,-0.09762996979133921,-0.41513124865655504,0.2841385722491351,-0.4824934536989208,-1.3219518182322152,-0.6284823927048335,1.0093093963915576,-0.48620558411594444,0
CTCAGCCCTTGGCGCCGCGTGGCTCTCCGCCCCTCT,-0.17348856458275888,-1.4745721555935705,1.3225299432612168,-0.6688599842906172,0.7424127576750568,-0.6518820619050298,0.6371508507658562,-0.22318686503021887,0
GTGGAGCAGATGTGGCATGTGTCCCGGGCTTCCTGC,0.057629503738402164,0.8749581139984152,-0.6828660026036527,-0.5118725337320316,-1.204418497475199,-0.3133118426110529,-0.5334785630431093,-0.7256277299566323,1
CGAAGAAAAAGAGCCTGAGAGACGGAGAAAGAGCGA,1.2664913252485,1.0107617017799384,-1.0299645562826245,1.8720491833360273,0.8325417024994834,1.97185992681616,0.38720123046413957,1.7295779149194277,1
GTGAGTCCCAGCTAATCCGAGCGGACAGGCCTGAAT,1.655295283725022,0.288334317469561,-0.327942182093906,1.6968063349553426,-1.1872431715626832,0.9774117546494621,0.18902002475170437,0.9338957291315748,1
CCCGGCGAGTCCCGGCCACCCGGCGCAGCCCTGGGC,0.5910611022203649,-0.7265999822576816,0.5928417591512506,0.9084153582501313,-1.2802836956210701,0.49932258614078967,-0.7772660997679648,1.180571892774119,1
AGAACCTCTGGCTCGCGCGTGCCTTTTCCCCTCAGG,0.11296037883036081,0.5150234501453107,-0.5993529797791464,-0.29083420334554977,-1.3005791135363962,-0.39144096949426,0.4042015740414547,-0.24251113331220664,1
TCCAGTGGCCCCAGGAGGGCCTGGGTGCTCCTCTGC,1.9008472461646941,-0.5884351114570538,0.46923648099605353,1.2805204696312824,-1.3882710222777246,1.1296802156641637,-0.6475159434949772,1.3611212806400586,1
CCCCGCACCCACACGCGCGTGGAAGGGCCTGGATTC,-0.6342931468077462,-1.033441555195074,0.9777417686131977,-0.726093123408548,0.7640767391041984,-0.9261542479454675,-0.11989449024570897,-0.6277157964224497,0
TCTCCCCTTCCTCTCCGCGTGGCGGGCGCGGGTGCG,-0.28961083973038854,1.160154592593432,-1.1439367286477535,-0.026108508146470123,0.7948549342026167,-0.2744507636387761,0.7237517195753627,-0.40234182002627333,0
CGGCTTTTTCTTGAACACGTGGAATATACTAGCGCT,-0.7648369382892174,-0.11159308681165776,0.15428091242265776,-0.8724951344437545,0.7874801041977003,-0.757110947559777,-0.3383953968097811,-0.8479719074983026,0
TTTTGTTTTTTCTGTGTCCATTATTTAGTACCCAGT,1.084201198106579,0.3885934404095477,-0.4206379825922603,1.337215366061581,-1.2144433534348116,1.0735364609672249,1.0455469369636667,1.2940698277476068,1
GGCGGCGGCAGCTGCAGCGTGCAGCGCTGGGAGGCC,-0.1708682061116877,-0.8546936232114983,0.7222164583892777,-0.6260696906240741,0.7086496267535153,-0.8087638091296413,-1.0352131679235699,-0.38556906720833695,1
CTCGGAGCCTTGCCCCACGCGGAGAGGGCAGCCGGA,-0.7808719678270277,2.0821044291873094,-2.0327669531260777,-0.5279749608036134,0.80743186420667,-0.6951171776009623,0.9173923042602299,-0.7690974439962748,0
TCATCAGGAAACTGAGACCAGAGAGGTCATCTGCCT,-0.0035991183883544,1.0036122615274672,-1.0117360573181773,0.9107028896725611,-1.1220851611981737,0.8044510112108065,-0.34273719823259785,0.650054468148348,1
AGTCATACACAAGGCCATGTGCTCATCCAGAAAGCG,-0.3055817094359764,0.44203833864384223,-0.4199853331485273,-0.7600921198438035,-1.1769530085394482,-0.46926184026493306,-0.6887188113546263,-0.5662717437940165,0
GCGGCCGGCCCCGCGCAGCGTCCCTGATCTAGGGGC,0.5042849578576359,0.5159178755313487,-0.5065658083586823,0.4640960196120353,-1.3711458430049268,0.2598062307431901,-1.4257022318424744,0.5337726122325003,1
CTCAGCCCTTGGCGCCGCGTGGCTCTCCGCCCCTCT,-0.23956069262764948,-2.334019546210442,2.2010678860113275,-0.7922969739869613,0.7323684494930697,-0.7209695988522781,0.7163408135370483,-0.3061506759911078,0
ATTAGTCAGTGGAGACATGTGCTGGACTTACTCAGT,-0.3455067950518164,1.0576772946960404,-0.9579642696461843,-0.3656947904833351,0.805364175868741,-0.4117395498819878,-1.1772982596066563,-0.5478721526278759,0
CGGGCCCAGCCGAGCAACGTGGGGCGAAGGCGGCGG,-0.5858985087205835,0.3414691482367161,-0.4893293365487851,-1.1338568128451458,0.7382333546608447,-0.5711812655715837,-0.9677648891867785,-0.475524821708301,1
TTTCCCCTCGGGCTCCACGAGGATCTCGGGCGCCAG,-1.06341705629678,-0.5595749856672539,0.7011750403222179,-0.44629663295584493,0.8290054275170072,-0.6480017464164377,1.8934809943037534,-0.8888703268842549,1
TTCCTACTAACAGCGAGCTTCCGCCAATACTTGTTC,2.0658052300790057,-0.39900177752811905,0.37808093318504765,1.28487126468962,-1.0690573146328568,1.4885955837784273,0.08820107066044355,1.350262505525618,1
TCCTAAACAGGAAGCCATGAGGTGAGCAGAGACACT,0.31360420129959987,1.2926786206260725,-1.18124869734795,0.42099175104437886,-1.135407307235584,0.26182888524183767,0.005748295747909867,0.12033810070314915,1
TTAGAAAAATAGTTTAAAATCTAGAGTTAATTAACC,0.6109134616938517,0.38648855933439724,-0.48981229713717933,0.6893954379422602,0.7956523284398155,1.2153856956516866,-0.5289397562358963,1.2838143179172998,0
CCACTGCACTCCGGCCTCGTGGCGGGCGACCTCCTC,0.151156668406555,0.4625266428202394,-0.5208523046827743,0.3757793652835114,0.8195833844438516,-0.24518810636626995,1.309400198962446,-0.1042793216891563,0
GTCGGCTATCGCTTTGCCTCGAGCTTCCTGCTGATG,0.5624201509614156,-0.7529378284588721,0.6626034581955544,0.4151159350377597,-1.2691487288462637,0.967165549444325,0.2758915835084827,0.996763883414366,1
GCGGGGTGGAGCGAGCACGCGGGCGGGGCGGGGCGG,-1.1424255649604667,-0.623937836447224,0.6615983780521515,-0.9874548018099334,0.7959966149789292,-1.1705899391818948,1.3555210549690657,-1.1545048438003693,0
TCAAGTCCTGCCTCCAGCGTGCAGTAGCTCTGTAAG,0.08103129875338475,-0.19625939385490784,-0.06490487677223884,-0.4541908590410807,-1.6779291569544241,-0.6601477877274169,-0.14286150830401168,0.007700560479165953,1
CCGGCCGGGCCCGGCCGCGTGCGCGCGGGAGGCGGG,-0.018827403367908897,0.2987335032913676,-0.36921573291777887,0.05902354361358412,0.7744186502923305,0.05948380727060201,-0.880606390340123,0.02387499281037899,0
TTAACTGCCCAAGGACACATGCCCTGGGCTGGAACC,-0.20147350906637734,-1.2276749720290412,1.123047640773628,-0.5312941240439956,0.7651483271896363,-0.3686022065629867,-2.112286065431736,-0.29041138583206005,1
CTCGGAGCCTTGCCCCACGCGGAGAGGGCAGCCGGA,-0.808203357629514,1.9162958511218526,-1.8891840754971596,-0.4353523649740461,0.8039770412898688,-0.6037045695773815,1.0335022072857734,-0.698035760403541,0
CTGACTGACTGAGGACACGTGCCAGTGGTCCGCCAG,0.19828060363393804,-0.09283996788417692,0.05639002235194951,-0.5064901068557325,0.7774055290464972,-0.8576638178502777,0.48590416847232804,-0.7206235949767473,0
GCGGGGTGGAGCGAGCACGCGGGCGGGGCGGGGCGG,-1.0967794983887587,-0.45370483413880186,0.48003130279595463,-0.9317915371975902,0.8068529942010455,-1.1563802975205284,0.9984463280952925,-1.1336328539287592,0
CAGCCTGTTGTTGGCCAGATGGTCTGGGGTGAAACT,-0.579164267440056,0.8409520608209101,-0.7723246618608801,-0.513173286893806,-1.2838381592820312,-0.03740582001186226,-0.9301511885042731,-0.36928584933408526,1
AACCTAAAACAAAAAATCTATTATCTGATTGCAGGT,0.6856706321238409,-2.1076881836891075,2.2087887289310837,0.20170270939268858,0.7775320019803269,0.4467486241974994,-1.9569787416158217,0.565226468563536,1
CCTCAGGGACTAGCTCTGTGAAACTGGCAGACTCCA,-1.6273940620063903,0.19487282746359091,-0.17622076590126914,-0.1941747873587552,0.8078103002899606,0.4567791266283443,-0.6553757461694641,0.27108519457330377,1
CGGGCCCAGCCGAGCAACGTGGGGCGAAGGCGGCGG,-0.5219477645804785,0.33469536664636296,-0.4551435586842567,-0.9931063500300455,0.7409804027197635,-0.5395079919259601,-0.4934403361141692,-0.43699001548478505,1
CTTAAAATGAAAACAAGTTTTCTAGCCACAGGAAGA,1.040355005215038,-0.4635554390571667,0.4476272579129021,0.4382155170485225,0.7711391101696249,0.7450654870026796,-1.2231654437827688,1.020073658409576,1
GCAACGCCCCCTTCCCACGTGGTCTTCTCCCTCTCC,-0.6942650519974388,-0.21639589071272272,0.1531975143460537,-0.869803921005599,0.8076219958507692,-1.1851875179241016,1.2129420938279964,-0.9823813907226863,0
TATTGAGGGCCGCACCACGCGGTCGCCCTGCGCGGC,-0.6932413294521297,-0.7376252658497277,0.804261019965336,-0.5084188098197397,-1.2053805698090712,-0.8046792684546039,0.6935789521481384,-0.8521156477286778,0
TCTCACCCCTATGGACAGGATCAAGTACTGTGGCTC,1.290005923041635,1.4686061312256928,-1.3759209734349729,0.8601529305926948,-1.2013143043898262,0.6764045367353682,0.08511390969008684,0.6506330094454271,1
CTGACTGACTGAGGACACGTGCCAGTGGTCCGCCAG,0.1760268298278104,0.08477502527705834,-0.09653879531168702,-0.4131050005520289,0.7818641988575682,-0.8509362584141258,0.78534220299436,-0.7457283314321325,0
CATTAAATGGCACCACAATCTTAAATGCCCATCCAG,-0.3450364339273181,-1.2125711086767026,1.414475196899204,0.10925952779233405,-0.9563765282369895,0.5350695817295943,-0.14883680234195748,0.19766978741295968,1
AGAGTTTAATTTATTGAAGCCATTTCTACTTTTATT,1.2707710852286644,-0.46064557513451815,0.3398813612413196,1.1879875809163216,-1.1871192361166554,1.336572716413696,0.8798281319846241,1.5469368777486592,1
TGGAAAGTAAATAATCCATTTAAGACAGAACAATAG,-0.8457674801792943,1.323244117485267,-1.2601083296384323,0.6398771106803464,-1.0699042859513381,1.3898451363104936,-0.2677419765212734,1.3666050609687967,1
TAGAGCAAGAGGGAGGGAGCAAAGGCACTGCGGAGG,0.9138844675401436,-1.6385918828869257,1.566646941208061,1.0259316783825592,0.7875261630399981,1.169261116559752,0.9129679585920453,1.2262816000409227,1
CCTGTAGACGTCGGCCACGCGGCCGAGGCATACGGC,-0.590961964950954,-0.12782392615045268,0.11429308100304145,-0.7081965540448685,0.7759260122659575,-0.8724068121909893,-0.07263864289076022,-0.6364136950683134,0
CTGTCCTCTCTCGCCCACGCTGCCTGGGAGGCGCGC,-0.9512028206520795,0.17127192294372526,-0.1458529872827563,-1.0571572298579535,0.7631460040585655,-0.9140357354965397,-0.6645981764602245,-0.7690282168325218,0
GACACTAAGCTTCTTCCCAGGTTTTCAGATTCCGAA,-1.0010988804645944,-0.9712133996698018,0.9999579556790552,-0.31671470590905954,-1.1502816995052019,-0.4122027420353308,0.35465650487276923,-0.6486520686604079,1
TCACTCGGGCACTTCCGCGTGGAATAGGAGGCGCCA,-0.018421597120634344,0.10745169023131307,-0.205583464376351,0.1566248843037217,-1.2617889035617238,-0.019916946002361775,0.40248594656190523,0.1279877022978852,0
GTACACAATTTTTTACAAAATTTAAATTAAAACAAA,0.011981948139655616,2.150223866588639,-2.039613245791211,0.7630898325901866,0.8328345164805401,0.5218543613683022,-1.5074953654608165,0.3558093534124847,1
CACCCCTCCCGCGGGCACGTGCCCAGGCTTGCAGGC,-0.3266310872714593,0.22651163478605638,-0.23479605347944324,-0.7226393994962563,0.8076323226202113,-0.801796940249853,0.45045469219011874,-0.8241824871542341,0
GGAAGCTGTGAAATCCGCGTGCACACCCATCCCAAA,-0.4014251078005301,-1.099509777044464,1.0927059681329048,-0.3595049995755966,0.7568312585244426,-0.15257954969471085,-0.6835971551500808,-0.17274004184372968,0
CCCCCAGCGCTCCGGCACGCGCCGGGAGACCTCCGG,0.007895385818850777,0.7975187640744595,-0.8177686426304386,-0.11245160595369255,0.8010081799544402,-0.7080635232521383,0.8989099224625221,-0.6486125102811197,1
ACATAGGGACGGGGCCATGCGGTGGGCGGGTGGAAC,-0.6750213904384282,0.3015181476599172,-0.2647200304761204,-0.3922929499636959,-1.1350910849711622,-0.4684967394945656,-0.41983696528503384,-0.4243461685049927,0
AGGTAGTTTTCATAGTTTTTTTTTTTTTAACTTTTT,3.077570013047117,1.2968824199404896,-1.2533142489287943,3.0509800834736955,0.8735539572757015,2.973971945760467,-0.5743800112995033,2.663536415507022,1
AGAGTTTAATTTATTGAAGCCATTTCTACTTTTATT,1.308121129254271,-0.496714769535884,0.347491253755617,1.1639460742022067,-1.1608977191421315,1.3619744813806272,1.045182204495304,1.531237145968897,1
CTTTAGATTTTTTTCTTACCTTGTTCTAGCAATTAG,1.820285335732762,-0.9420133922333407,0.8811104919689844,1.9289234939955386,-1.2213507198699733,2.1611720229868685,-0.3752828568509672,2.3993111658530233,1
TCATCAGGAAACTGAGACCAGAGAGGTCATCTGCCT,0.025023029206158717,0.4651920304706761,-0.46557289679563496,0.8316260681483357,-1.1988788892976086,0.8070368265176998,-0.5089773595114819,0.7191283431818783,1
GAGATGGGCAGACGGCACGAGGAGTCGGGCAGCAGT,-1.4262828503786977,-0.4747417192186408,0.46477235880071743,-0.7277975585860333,-1.3287688868477185,-1.0898497767258275,1.0476884503690742,-0.9222032062314527,1
ATCTGTCACCATTAGCACATGGTGCTGTCGTCCCAT,-0.34452994270456166,-0.45329339846120137,0.4034559435587473,-0.3882561298064746,-1.3057655400961732,-0.4246405258341872,-0.7507265827965476,-0.4231198587470733,0
CCGAGGAGGGCGGACCACGAGGTCAGGAGATGGAGA,-0.5198922985450614,0.30416564680259994,-0.2784321952897084,0.055345551914788384,0.8120379030799248,-0.31003128932233676,1.2966230998677297,-0.3263501734148233,0
TTTTCTTTCCGTGGCCACGTGCAGACTGGCCCAGGT,0.029734675371737504,1.3040795628802877,-1.2774557518537606,-0.21794717272906292,0.807110997349858,-0.5625477038498667,1.068880137842799,-0.6484691111562032,0
TCTTGGTCTGAAGAGCACATGGCATGTCAAGGTCAC,-0.06841002457933375,-0.26192214286258136,0.2854634506200061,-0.5654276811511546,0.7932176945986096,-0.40427851699690753,-0.19812564101868743,-0.608188791446621,0
GTACACAATTTTTTACAAAATTTAAATTAAAACAAA,0.0076925142086417715,1.5927523748090722,-1.4833731778568768,0.8811443954102467,0.8198792632549103,0.4677056720477155,-1.430892189802758,0.45492781751493466,1
CTGTCCTCTCTCGCCCACGCTGCCTGGGAGGCGCGC,-0.9430980622665116,0.45787563081279065,-0.4388338490845057,-1.0059793209758516,0.7664264308048967,-0.8732730457750716,-0.8358427059959518,-0.7632675278487658,0
AGAGGTAGGGTTAGGCGCGTGCCGCGAGAACAGAGT,0.4174926162005622,0.6056287417518685,-0.7535609903525711,0.25086220819617694,0.7527469565403058,-0.2142241208992734,0.2189580972951097,0.08468116657280332,1
TGGAAAGTAAATAATCCATTTAAGACAGAACAATAG,-0.9631185798479382,1.3752698607736942,-1.321907705468741,0.6488478221408407,-1.078865263537624,1.3528174727727216,-0.3830972873677706,1.496584005712975,1
TTAGAACCTCAACCTCCTCTGCAAAATGGAGCTGAC,-0.660184027302585,1.1831532506866707,-1.0938458838386396,-0.20341462016306275,-1.1392030329772524,-0.04906745456243996,0.9366275042342027,-0.22536257589103736,1
CCGGGAGGCGGTTAGCACGTGGATGAAGGTGCCCAT,-0.7929336129406409,-0.446275140598713,0.458037016541015,-0.9458755541905645,0.7943502882077085,-1.1535071676133437,1.2232601798003637,-1.2620393530962577,0
AGTAAACAGTCCGTTAATGAAATTTGCAGAGGATAT,1.431043693184867,-0.6752301509190923,0.6132305277745496,0.9062623874996171,-1.3355001636615838,1.6028675531056116,0.8309058271895886,1.574904651904978,1
CAACTGGCTTTCAAACATGTGGTGTGCACAGTTGGT,-0.7932059763139105,-0.20796444074027634,0.2294269693780873,-0.8739753018347298,0.7750583485660593,-0.40544074949783376,-1.8403011897880437,-0.558983112410277,0
GGCCCTTACTCCCTTCGGCTCCTAGCCCCGGCCCCG,-0.06999841793624634,0.13316343866221314,-0.16042664936208645,0.9678463216758796,-1.315724434894016,1.0187657333280897,-0.4614962527578593,1.0139074960381222,1
TAGAGCAAGAGGGAGGGAGCAAAGGCACTGCGGAGG,0.9603785823746716,-1.5210882385039166,1.4774101827617236,1.0828508425993737,0.7988415716765798,1.1576708240014055,0.6978894547980209,1.198551176160328,1
TTTTGTTTTTTCTGTGTCCATTATTTAGTACCCAGT,1.2019281766660803,0.6087950076184968,-0.6315024913790791,1.468322314056651,-1.1496939140741789,1.2073683745425587,1.5481747307112694,1.389138502770489,1
TTCCTACTAACAGCGAGCTTCCGCCAATACTTGTTC,2.1206426786398738,-0.3023740216555463,0.2810711198634307,1.406648672765779,-1.0224524859199056,1.534339939931584,-0.21081064032961905,1.3667435152963057,1
AGAGGTAGGGTTAGGCGCGTGCCGCGAGAACAGAGT,0.4128976473109664,0.5166572671838425,-0.6903845241958683,0.24857467677375014,0.758432303537619,-0.22255603046497774,0.4693550592995288,0.13906404849840834,1
TAACCTAAAAGTGGCCATGAGGTCTGAGATGCTATT,-0.9361076606546732,0.9394044444810923,-0.8710835756917709,-0.2717714414920052,0.8027424947070557,-0.2678645569995166,0.17589928444012798,-0.3306076439856501,0
AACTTGAGATGTCCCCACGTGCCCCTCCCCCTCAGC,-0.5708756866581427,0.014234676497452695,0.02865242099182964,-1.0207361413283618,0.7920008312491976,-0.9294877012021935,0.649240318403663,-0.9906194232093248,0
CTCAGGGCAGTTGGGCACGTGGGGTCCGGCTGGTTG,-1.3179763061097458,-0.5696760296936635,0.6972460906707714,-1.5234099580169416,0.8084531123180896,-1.4288945903245165,-0.09308776526739555,-1.794841274125886,0
AGCGAGCCCAGGTGGCACGTGTCAGCCAGGCAGCCC,-0.060126148775233555,0.015361652483858054,0.07358080870081973,-0.5433597309583562,0.8109025789768793,-0.8221680933522216,0.23340804610992988,-0.9489545602246835,0
GGCGCTCAATCTATGGTAGACTTCAATGAAAAACTG,1.3902404532284112,0.4748995273272136,-0.5582034323495852,1.9652548754105241,-1.1076664028268703,1.5395160711309952,0.20699274633553466,1.7061939679630542,1
GCCAGGGACAGCTCCCACGTGCCCCGCGGCCTCTGG,-0.42448744580617886,-1.5096932590856875,1.4878003619065154,-0.6855903611644318,-1.3239605003191968,-0.9152176979866059,1.3561620501340668,-0.7419950093868708,0
GTGGAGCAGATGTGGCATGTGTCCCGGGCTTCCTGC,-0.1611406350322736,0.4479713603712916,-0.2447489574968397,-0.6466574734259032,-1.156680953543429,-0.41094726987325725,-0.5279529125682575,-0.7691073335910955,1
TCCAGTGGCCCCAGGAGGGCCTGGGTGCTCCTCTGC,2.027113408622122,-0.07123065055725834,-0.04187940439616245,1.4287614765158867,-1.3565322162792357,1.1969340541169893,-0.37984263932277346,1.451200655075295,1
CTTAAAATGAAAACAAGTTTTCTAGCCACAGGAAGA,0.6772012454659542,-0.25845773520060716,0.24161846098764805,0.18183258350770157,0.7637555396285318,0.6280506077648007,-1.5192739431321465,0.8913259682207251,1
CTGGGTGTGGCCTGGCACGTGGCTCACACTTGTAAT,-1.2169865986385788,-1.355947498060091,1.375812243850375,-1.1982216675741642,0.7829451289003754,-1.4006193927708406,0.6501912984544787,-1.3437719095018088,0
CTGCCAGAATCCGCCCACATGGCCCAAGCCCCGCCC,-0.809745187847687,-0.1857767283303942,0.04519708439132345,-0.917976641548441,0.7708734435183371,-0.912800523214994,0.02458204904756294,-0.8031819325499359,0
TTTCTCTACCAAATCCACGTGGAGGCGCAGGCCAGA,-1.3822236495463498,0.18704958675362998,-0.19746450529589768,-1.306632715574191,0.770696254104606,-1.305407298531045,1.794749719326604,-1.3154827235137763,0
TCTTGGTCTGAAGAGCACATGGCATGTCAAGGTCAC,0.14443883595076673,-0.26164785241087324,0.29644101426412683,-0.3886149582648881,0.7958713295774033,-0.2443878604768129,-0.18816282009983606,-0.4380135885488476,0
CAGCTCAGAGCCCACCACGTGCCTCTGCAGCTTCTG,-0.6803837755918536,-0.3171201148534951,0.2510035599890088,-0.8512794018396928,0.7703306389109991,-1.0937767388976414,1.0649159272635242,-0.8677609867369154,0
CACCCCTCCCGCGGGCACGTGCCCAGGCTTGCAGGC,-0.3223487225699081,-0.05951367800004538,0.045934578262809646,-0.8439682719993924,0.8023382170828625,-0.7790407962436673,-0.023224074900705063,-0.8643639109155931,0
ATCCCTGGCTGTTTCCATGTGGCAGATCTGAGGAGC,-0.2478361357654062,2.507177112488258,-2.450638812487169,0.10594036455195185,0.835782341502378,0.11640124318024982,-1.4258208262039467,-0.21149241915333092,0
TAACCTAAAAGTGGCCATGAGGTCTGAGATGCTATT,-1.0803273279462804,0.5288453037776741,-0.4618593214606379,-0.46392408097571136,0.8019396522067997,-0.4137662768853263,0.288528069035432,-0.34545687061072844,0
GAGGACGCGAACCGGCACGCTGCGCCTTTAAGGAGT,-0.22335883226137795,-0.8987053150409124,1.081036596078297,-0.5441670949898016,0.7912082690873173,-0.5095007037726018,-0.9703269397863264,-0.6899065134599437,1
CTCAGGGCAGTTGGGCACGTGGGGTCCGGCTGGTTG,-1.3619446040693615,-0.7783752864380641,0.8958277369259197,-1.470482760400051,0.792015820607005,-1.4327638294517837,-0.2619606531370727,-1.706922776159229,0
GAGATGGGCAGACGGCACGAGGAGTCGGGCAGCAGT,-1.3874205665599948,-0.08515983523599228,0.06360832520007415,-0.6766196497039374,-1.2892118434811244,-0.9968119768278927,1.1674416594712225,-0.8654122079667128,1
AGAGCAAGGGCCCAGCAGAGGAGGAATTCCAGGGGA,-0.45689743441366615,1.3590032444194424,-1.3345952106556047,0.021032580578407574,0.8130060110037904,0.07610729522597767,0.6008932297901755,-0.2215501370871966,1
TCTCCCCTTCCTCTCCGCGTGGCGGGCGCGGGTGCG,-0.16818945364423946,1.5392836252311652,-1.516312395283847,0.0640919955887638,0.7855508119247332,-0.3155155601159927,0.5758785554333593,-0.3296285740982835,0
TGACCTTGGCCAGGCCACGTGGGCGCCCCCTGTCTC,-1.6738257511541783,-0.7936401463599329,0.824969586816075,-1.2943876944306236,0.8073631447847237,-1.3641374369459907,1.3234049080876555,-1.427991699005069,0
AGTCATACACAAGGCCATGTGCTCATCCAGAAAGCG,-0.619836932668181,0.8915705748353143,-0.8432154444429547,-0.9455167257321389,-1.1272543138168576,-0.5842579072882662,-0.6636464004652725,-0.7035640439089805,0
TACCACCTAATTTACAGGGCTGTAGTGAGGATTACA,0.44464730448753126,-0.22141063571049616,0.39255017135333137,0.2010299060331497,-1.2463134497686434,0.625431310853132,-3.8585287860901856,0.4541465395240039,1
TCCCCTTGGGAAGAGCACGCGGCGTTGCCAGGCCAA,-0.2775891639210438,-0.86297600228631,0.8536143709030477,-0.8303776441367473,0.796637988115646,-0.7740833767971332,0.5608362327153086,-0.785618012146248,0
GTAGTGCATAGCTACCTCATGGGCTACAGCCAGCTC,-0.6192771241497139,-0.3820434722086748,0.3249356889790541,-0.05930014055028314,-1.2623693061484291,0.009012973788962946,-0.7497240921845582,0.13832727368417885,1
ACATTTTTGGCCTGCAACGTGGGGACTCAAGAAGCA,-0.607254259428222,1.0955293770335475,-1.1816990254641702,-0.9050139634880286,0.794322241952771,-0.7884484270445479,-0.34486613193514387,-0.8947447462084599,0
ATCCGAAACCCAGCCCACGTGGGTTCCCAGACCACC,-1.7639548351760093,-0.47419910115110847,0.47826914929785597,-2.0868603448503564,0.754122425781007,-1.448202982192071,1.3169798782080635,-1.5401347594879624,0
CCGAGGAGGGCGGACCACGAGGTCAGGAGATGGAGA,-0.545998433565562,-0.39796424408033026,0.43750466504011104,0.05377567740919767,0.8061479140845985,-0.3619802240104417,1.309557870195898,-0.3680002020072388,0
TGACCTTGGCCAGGCCACGTGGGCGCCCCCTGTCTC,-1.4511298174960543,-0.9018238782202393,0.9373754005162056,-1.1712198260780866,0.8130854506071848,-1.3015024792670777,1.2233834099588212,-1.3742368063506598,0
TGTTTTGTTTTATTTTTTTCCCCAGCAGTGAATCTA,1.5803081073931395,1.2169863816228776,-1.2790416900020802,2.2271099429422443,-1.126495222656058,2.1537798590325394,-1.0845425577992736,1.8670729517282407,1
GCAGCCGAGGCGGAGAGAGAGAGAGGACAGCTTACG,0.28527740367328025,-0.16676720745895915,0.12483989601434695,0.6467397049476267,0.7924173871249524,0.8002599940400339,-0.12256082438996264,0.8504473280244196,1
ATCAAAATATGAGAGCACATGTTTGCTGCCATTAGA,-0.09467331269394798,-0.3925559519127358,0.4601124417722251,-0.5983501922111635,0.8188286103419733,-0.2203494252973238,-0.050760193221503755,-0.6232506443603636,0
TACCAGGCATAGGACATTTTCCTTTAATCCTAATAA,1.864688913600352,-1.115490177275112,1.0399979990542227,1.3989787144670562,-1.3006077098243964,1.6402173404209304,-1.060666912441456,1.849924394307074,1
CTTTCTGGTTCTTTGCATGCGTTTGTCACTTTTTCT,-0.6583621275624227,-0.8279801183482153,1.058670299640394,-0.5681637481466074,-1.0920388936474446,-0.3137809891105436,-1.6424156622233943,-0.6841606588684243,1
GGGCGGCCCGCGGGCCATGCGTTCGGCGCGGCCCAG,-0.1870805756935483,-0.547166324144823,0.6571799413178703,-0.26620960038649344,0.7941037821635103,-0.15452637680382317,-0.6029526926579737,-0.17978637815432677,0
TATTGAGGGCCGCACCACGCGGTCGCCCTGCGCGGC,-0.5894060610078116,-1.500760930897024,1.5740806183726352,-0.5193182242442413,-1.2864548670833555,-0.8704890814775951,0.5576467830126806,-0.8433188531346041,0
TCACTCGGGCACTTCCGCGTGGAATAGGAGGCGCCA,-0.281286437703625,-0.3272569358953615,0.24633711646610398,-0.019021646092682802,-1.3632020256438977,-0.133375894661013,0.3274270951910477,-0.09600173082322945,0
AACCTAAAACAAAAAATCTATTATCTGATTGCAGGT,0.47412256431582683,-2.406861549650083,2.526035097052083,0.11060513451140881,0.7708241740281517,0.29586037855228775,-2.2680484504784864,0.48517019848029264,1
CCTCAGGGACTAGCTCTGTGAAACTGGCAGACTCCA,-1.3094604757048742,0.08786973711277288,-0.08238935537081547,0.0890754270062307,0.8013505949480284,0.6357166728186969,-0.820839143464104,0.45133294979717387,1
ATGGGTGGCACTCAATCTGCAAATGCAAAAACAAGA,1.8365879272581709,1.0153769367719303,-1.1568200286677457,2.639269280994483,-1.031079811028007,2.453848296755097,-0.16123046811336644,2.198394157451392,1
TTAGAACCTCAACCTCCTCTGCAAAATGGAGCTGAC,-0.7809501723980629,0.44463813509927474,-0.3441866267493089,-0.3056807308126543,-1.183614385281889,-0.059724197192186676,0.7410186000724276,-0.22826022717385425,1
CCTAGGATTCCCAGGCAGTTTTACAGCTACCCTGGA,0.38769829200534756,1.4107069945688344,-1.2603171774604136,0.3659564362342744,0.8477904532802519,0.764641195890613,-1.4505529067575742,0.5576658733221972,1
ATCTGATCAAAACAACGAATTCCAAAACAAAGTAAT,0.8851497504620679,0.9639176628946988,-0.9134209451090384,0.9114205465894002,0.8181555946681015,1.1097514474987573,-3.4595332837790984,1.0978602664811958,1
GCCAGGGACAGCTCCCACGTGCCCCGCGGCCTCTGG,-0.5399349046807109,-1.4621157913838636,1.4505275521729055,-0.8691311176460691,-1.2635679994456344,-1.0229599793477147,1.5680210592328678,-0.9300555445200377,0
GTGAGTCCCAGCTAATCCGAGCGGACAGGCCTGAAT,1.4521605930929238,0.4618886193782066,-0.49630615910264275,1.4667972931083664,-1.2378269926840215,0.8427867254587502,0.5283412187168449,0.733023223906642,1
AGGTAGTTTTCATAGTTTTTTTTTTTTTAACTTTTT,3.0365703754704385,0.8912128046808735,-0.8215083239431972,3.0508006692444827,0.8782718712213868,2.9654456812646717,-0.5927534771179143,2.5843652641603345,1
TGTTTTGTTTTATTTTTTTCCCCAGCAGTGAATCTA,1.4114033835817283,1.053276721796713,-1.090967699791623,2.186786594927341,-1.1077225489863942,2.1028386146670783,-1.0964176533375682,1.8041553494713432,1
AAGAGATGAGAAATACACGTGTTTGGACAAAAGACT,-0.500583099500838,-0.18778620403106966,0.2214385401863303,-0.7713952162840219,0.7881540658986176,-0.6716004998314566,0.5774282363028964,-0.710358195551625,0
GTAGTGCATAGCTACCTCATGGGCTACAGCCAGCTC,-0.5167466991320585,-0.17984370660294483,0.12063683359643143,-0.10325662670668821,-1.2616093467501472,0.04954016429257824,-0.8166002957933396,0.11040400270455591,1
TTAACTGCCCAAGGACACATGCCCTGGGCTGGAACC,-0.00956216338168672,-0.9136004791365726,0.8182864565119237,-0.35264240530832824,0.7628301773419052,-0.3727438478229459,-1.9177731227841768,-0.2155768218147684,1
CCCGGCGAGTCCCGGCCACCCGGCGCAGCCCTGGGC,0.4978422625307592,-0.16274229322169873,0.06621892297511797,0.9108374503444647,-1.2538160221449397,0.5163626127193451,-0.7183785313673116,0.912366081204309,1
CCAGCTCTCCACCGCCGCGTGCGCCTGCAGACGCTC,0.10977588114633886,-0.798595262998637,0.6517042124846348,-0.4268750426438808,-1.3529967447129845,-0.538302903635593,0.8954135053586704,-0.39193302147622655,0
CTGCCAGAATCCGCCCACATGGCCCAAGCCCCGCCC,-0.8816604246534555,0.0913102934311092,-0.2198830136893239,-0.9438122905546537,0.7777819125582799,-0.8752063820310361,0.19804166218884467,-0.8116968736915894,0
ATGGGTGGCACTCAATCTGCAAATGCAAAAACAAGA,1.6500376393262548,1.3696111294979783,-1.5215596968116962,2.5171330444599014,-1.1266070833504345,2.4612935378439382,-0.15456990646465985,2.1095509823688903,1
CCCCTTCTTAAACCCCATGCGGTCCCGGCCCGGGCC,-0.9617805763961396,-0.1254149404440212,0.24315218718050025,-0.8953704486679983,0.7941868482624292,-0.45746512754644064,0.05005916602270297,-0.4986170256174283,0
AAGCTACTTGACTGCCACGTGCTCCTGCCTCGCAAC,-0.328332197826794,0.3003255804785076,-0.23478952698500283,-0.6775167208499953,0.813296846341192,-0.7718871597283417,1.34526513247987,-0.852961208085946,0
ACATAGGGACGGGGCCATGCGGTGGGCGGGTGGAAC,-0.6362029368234126,0.4726515381902868,-0.46336041518131604,-0.2968894335813787,-1.1897363552935343,-0.3907534916994674,-0.2942981513862923,-0.28830490213499727,0
ATTGCCCGAGCCCGCCACGTGGCAGTCTGGGCCGAA,0.1410677483527637,1.2837224410937969,-1.2065780222605949,-0.25647637845186877,0.8245814943728449,-0.45586598652550764,-0.1720260407278952,-0.5758300371893742,0
CCCCTTCTTAAACCCCATGCGGTCCCGGCCCGGGCC,-0.8965895415356543,0.1874073569080452,-0.07983096955123901,-0.8184914514515994,0.7852529199285987,-0.40357692043375565,-0.1349332651230291,-0.5099999492574286,0
CTGCCTGCTGGCGGCCATGTGCGCGCCCATCCCCCA,0.008929761526580739,1.596598403969023,-1.5745939906123148,-0.30864106559462295,0.8115707945843421,-0.18862831087003779,0.641272912924158,-0.3683512826234199,0
ACCAACCCCTTGGGGCACGTGTTCTCAGGAGTTCCT,-0.42884789229219206,-1.0277053070525606,1.0223829905669217,-0.9243907002426895,0.7783966302908828,-1.0472201807649286,1.2962114116578358,-0.9392924260836844,0
GCCCCGGTCTTACTCCTGGGCCTCTGGATTTGGGCC,1.1713130979858275,-0.2588393566986347,0.10833439158143969,1.1681623085886348,-1.294056785504188,0.7935156663221559,0.912654363618436,1.1101629224396357,1
CAGTAAGAGCAAAACCTCGTGCCCCCCCCGCCCCCC,-0.33499038386236096,-0.9227057295665341,0.7480940088346649,-0.415930774662082,0.7621392483348354,-0.4040657250780211,0.9426303911904172,-0.17032698070718968,1
TTTTCTTTCCGTGGCCACGTGCAGACTGGCCCAGGT,0.2471736754013302,1.2340400923168735,-1.2363388368963735,-0.13200775693756323,0.7994045334379625,-0.5097561251470192,0.9799279188522293,-0.40947221789286253,0
CTGGGTGTGGCCTGGCACGTGGCTCACACTTGTAAT,-0.9815185933987983,-1.1806699365743225,1.19322703546195,-0.9867371448930943,0.8022442470713876,-1.2804304253511032,0.5053674564336318,-1.3091781068148165,0
TTGTGCCTGGGCCACCATGTGCCTTAAATTATAAAG,-0.2081162485267698,1.125450887614825,-1.0581916447255513,-0.46181596378249734,-1.1016639824373544,-0.23007690576230494,-0.22710074724722382,-0.4632468897369156,0
TCTCACCCCTATGGACAGGATCAAGTACTGTGGCTC,1.5721906135259485,1.9332541564412968,-1.8782391443251851,1.139994274602698,-1.208446748265633,0.9080565212994717,0.4949262074486784,0.7740650424175082,1
ATCTGTCACCATTAGCACATGGTGCTGTCGTCCCAT,-0.32953589808137734,-0.49525983757455977,0.46242934729759044,-0.38502667368069277,-1.263251855797643,-0.4284179919192873,-0.4349113999203493,-0.5142079718541466,0
GCGGCCGGCCCCGCGCAGCGTCCCTGATCTAGGGGC,0.2933392037964138,0.5115411539756081,-0.4977876733400276,0.22785233330002047,-1.402604617357051,0.09199842402650144,-0.9771354124212088,0.1905492791411965,1
GGCTCGCCTGAGGGCAACGTGGGGCTTCCTGCTTTG,-1.1130146656128712,-2.1196555953544163,2.23226452942338,-1.669856822609451,-1.4533054578514777,-1.1976095184916773,-0.8402853640856544,-1.15306096295637,1
GGCGGCGGCAGCTGCAGCGTGCAGCGCTGGGAGGCC,-0.34103968639287513,-0.5811723773223536,0.45619001861521896,-0.6311381425992568,0.7216250478089167,-0.7589528262532613,-1.014832458091296,-0.2700289309041265,1
GCCTTTCTCAGGCTCCACGTGGTGACGAGATGGTTG,-0.36524781563235204,0.6026055839470676,-0.6332320124051154,-0.519677052702655,-1.257569817669232,-0.7046063366394052,0.3486138652735041,-0.648207036893422,0
ATTGCCCGAGCCCGCCACGTGGCAGTCTGGGCCGAA,0.2697294482312603,0.9528387137794677,-0.8388557461585253,-0.15528675317752982,0.8188541195967415,-0.45587438363493976,0.4541249512320154,-0.5261397680067639,0
ATCTGATCAAAACAACGAATTCCAAAACAAAGTAAT,0.8774588588134411,0.8791559504769483,-0.8116337378590297,0.9398577019191499,0.8136050149165355,1.0867801186730495,-3.6483653167617587,0.9713723487091503,1
TCCCCTTGGGAAGAGCACGCGGCGTTGCCAGGCCAA,-0.08862062136241315,-0.8352011126315492,0.8164459850804843,-0.7161356336874015,0.7855224272448038,-0.686396533756931,0.4703444288294165,-0.63804547821392,0
TGCACCTCCCCGGACCTCGTGGTGAGGGAGAAAGCT,-0.06352306948090145,-0.3640714847850796,0.31579207027184863,0.21367860919244583,0.8192977263977794,-0.3257438520558938,0.32165699215980026,-0.1728191586023035,0
GCAGCCGAGGCGGAGAGAGAGAGAGGACAGCTTACG,0.44723273121236246,-0.08286414341184078,0.07493831954383694,0.9216023040970568,0.8089899390465872,1.0161413085079254,-0.24464121099204497,0.9220826081168195,1
GGGCGGCCCGCGGGCCATGCGTTCGGCGCGGCCCAG,-0.11626356266247703,-0.2043927020320082,0.36710989603533944,-0.22054867905260006,0.813512423939019,-0.08962477049974443,-0.6038499887658402,-0.30182892305393827,0
TGCTTGCTTCTTTACCATGTGCTCAGAGGCCACTTA,-0.5339026375043907,1.9964005886962448,-1.985534712880631,-0.6062892718536965,0.8135165029361731,-0.39410976202035036,0.4633074176834295,-0.5586913693630335,0
GACACTAAGCTTCTTCCCAGGTTTTCAGATTCCGAA,-0.9512596892885806,-1.1675159205635903,1.210698461071618,-0.3604020707216484,-1.1077823035001346,-0.35610571377808015,0.8061812768942449,-0.5982843622324926,1
CTGCCTGCTGGCGGCCATGTGCGCGCCCATCCCCCA,-0.15322787940872432,1.303280542868699,-1.2572627780635899,-0.49550098531663644,0.8059302846916122,-0.34144021643956435,0.7583350161946152,-0.5950554095231414,0
CCGGGAGGCGGTTAGCACGTGGATGAAGGTGCCCAT,-0.7750375952487734,-0.07820120573257307,0.08991662427830446,-0.911652289968793,0.7886226621108482,-1.1549130657687723,1.7601857037148747,-1.1237037007275763,0
CCCCGCACCCACACGCGCGTGGAAGGGCCTGGATTC,-0.6717208966795726,-1.1679690960924805,1.1030047763555588,-0.7962889405868854,0.7522415249959823,-1.0312902558958705,0.38628207523501085,-0.712439955261636,0
TACCACCTAATTTACAGGGCTGTAGTGAGGATTACA,0.4059285112455408,-0.23053973748409556,0.3718872899636752,0.1629492358833698,-1.2181284881107632,0.5837766966718846,-4.02382749821024,0.4845372644116888,1
TTTTTTTTTTTTTTGAGAAAATGAAGACAATTATCT,1.7063632501210377,1.6090905451941355,-1.6602150711401493,2.0616451700534966,-1.2134811916812887,1.9701633878903946,-0.17370596151114834,1.7601614869061382,1
GGCTCGCCTGAGGGCAACGTGGGGCTTCCTGCTTTG,-1.1067061418106872,-2.3922406760061565,2.5140655062533566,-1.6751495423711438,-1.4374569710454308,-1.2689465187826323,-0.8275030478277793,-1.2323112310616335,1
CAGCTCAGAGCCCACCACGTGCCTCTGCAGCTTCTG,-0.4506734470129404,-0.7185501537832628,0.6526048687170473,-0.6728070973332261,0.75903335623822,-0.9778308894908356,1.1923941911461178,-0.7051068207011979,0
CCTGTAGACGTCGGCCACGCGGCCGAGGCATACGGC,-0.7657315731252959,0.30957393897024543,-0.31076444873397246,-0.7821152164793108,0.7900026984725996,-0.9299264829580874,0.02923105770516949,-0.8094568804644309,0
CCTAGGATTCCCAGGCAGTTTTACAGCTACCCTGGA,0.5311365653772971,1.3552168436185352,-1.2345048919594304,0.3957391982830988,0.8435895296303351,0.8123266142910684,-1.4429160480595364,0.570116873202964,1
