,Complex Energy Terms,Complex Energy Terms,Complex Energy Terms,Complex Energy Terms,Complex Energy Terms,Complex Energy Terms,Complex Energy Terms,Complex Energy Terms,Complex Energy Terms,Complex Energy Terms,Complex Energy Terms,Complex Energy Terms,Receptor Energy Terms,Receptor Energy Terms,Receptor Energy Terms,Receptor Energy Terms,Receptor Energy Terms,Receptor Energy Terms,Receptor Energy Terms,Receptor Energy Terms,Receptor Energy Terms,Receptor Energy Terms,Receptor Energy Terms,Receptor Energy Terms,Ligand Energy Terms,Ligand Energy Terms,Ligand Energy Terms,Ligand Energy Terms,Ligand Energy Terms,Ligand Energy Terms,Ligand Energy Terms,Ligand Energy Terms,Ligand Energy Terms,Ligand Energy Terms,Ligand Energy Terms,Ligand Energy Terms,Delta Energy Terms,Delta Energy Terms,Delta Energy Terms,Delta Energy Terms,Delta Energy Terms,Delta Energy Terms,Delta Energy Terms,Delta Energy Terms,Delta Energy Terms,Delta Energy Terms,Delta Energy Terms,Delta Energy Terms,sequence,run
,BOND,ANGLE,DIHED,VDWAALS,EEL,1-4 VDW,1-4 EEL,EGB,ESURF,GGAS,GSOLV,TOTAL,BOND,ANGLE,DIHED,VDWAALS,EEL,1-4 VDW,1-4 EEL,EGB,ESURF,GGAS,GSOLV,TOTAL,BOND,ANGLE,DIHED,VDWAALS,EEL,1-4 VDW,1-4 EEL,EGB,ESURF,GGAS,GSOLV,TOTAL,BOND,ANGLE,DIHED,VDWAALS,EEL,1-4 VDW,1-4 EEL,EGB,ESURF,GGAS,GSOLV,TOTAL,,
Frame #,,,,,,,,,,,,,,,,,,,,,,,,,,,,,,,,,,,,,,,,,,,,,,,,,,
1,9774.796713999998,23189.188044999995,39235.91073299999,-23916.238349999996,-34.076568,10769.782387,660.7346309999999,-22086.29324,1403.653926,59680.097592,-20682.639314,38997.458278,3014.8624499999996,5721.0902399999995,10758.929569999998,-6461.086299999998,10682.335900000002,2944.31177,-1638.8294099999998,-15939.2459,453.7155499999999,25021.614219999996,-15485.530349999997,9536.083869999999,1608.8051999999998,4658.5933,7247.6576000000005,-4087.5582,-3087.5026,1994.6201999999996,1192.6741,-1396.0434,280.30109999999996,9527.260699999999,-1115.7423,8411.5184,0.0,0.0,0.0,-227.81699999999998,-1887.0849999999998,0.0,0.0,1841.049,-36.193,-2114.902,1804.856,-310.029,MycMax_TTTTTTTTTTTTTTGAGAAAATGAAGACAATTATCT,1
2,9809.207365999999,22788.036681999998,39042.559618,-23780.433203999994,-25.557425999999996,10752.994665999997,757.8695539999999,-22102.412792999996,1403.9880099999998,59344.593734999995,-20698.424782999995,38646.16895199999,2852.3895399999997,5850.203879999999,10624.90293,-6341.159970000001,10737.45976,2923.33326,-1600.9993100000002,-16013.08829,450.5221,25046.179219999998,-15562.566190000001,9483.61303,1716.3132,4443.8085,7259.593299999999,-4136.774899999999,-3148.9728999999993,2001.1516000000001,1204.0029,-1332.1455,276.573,9339.0928,-1055.6014,8283.520299999998,0.0,-0.0,-0.0,-212.738,-1868.249,-0.0,0.0,1825.715,-32.81,-2080.9869999999996,1792.922,-288.065,MycMax_TTTTTTTTTTTTTTGAGAAAATGAAGACAATTATCT,1
3,9443.301865,23306.451528999994,38657.110203000004,-23515.003466,-37.166844999999995,10830.418633,753.108857,-22129.473597,1419.606437,59438.137255,-20709.867159999994,38728.27009499999,2658.1295199999995,5865.23766,10599.06055,-6337.62261,10606.6757,3041.5400400000003,-1589.4537599999999,-15905.05142,450.96427,24843.517969999997,-15454.087150000001,9389.479949999999,1703.9729,4614.4052,7141.3923,-4068.8310000000006,-3153.4523999999997,1958.4084999999998,1195.5352,-1327.2613999999999,277.90239999999994,9391.4307,-1049.3879,8342.0717,0.0,0.0,0.0,-199.903,-1822.723,0.0,0.0,1779.9509999999998,-30.566,-2022.626,1749.3849999999998,-273.241,MycMax_TTTTTTTTTTTTTTGAGAAAATGAAGACAATTATCT,1
4,9709.984417999996,23475.748596,38525.731669999994,-23433.570491,188.75746,10569.415507999998,624.820601,-22265.445784999996,1448.25414,59660.80424099999,-20817.191645,38843.612596,2825.71195,6047.362569999999,10460.170039999999,-6414.9041,10629.61941,2929.32712,-1632.6881599999997,-15895.913239999998,451.16078999999996,24844.549699999996,-15444.801579999998,9399.79725,1697.6726999999996,4565.824299999999,7177.661799999999,-3990.1363,-3124.4078999999992,1934.1036000000001,1176.6056999999998,-1348.8786,286.9192,9437.3239,-1061.9593999999997,8375.3645,-0.0,0.0,0.0,-202.87800000000001,-1801.7619999999997,0.0,0.0,1761.8460000000002,-30.107,-2004.64,1731.722,-272.918,MycMax_TTTTTTTTTTTTTTGAGAAAATGAAGACAATTATCT,1
5,9914.777909999999,23122.371245,38395.43891,-23699.417834000003,-22.801232999999996,10849.962546999997,670.924193,-22049.209915999996,1414.84574,59231.25573799999,-20634.447696999996,38596.808041,2832.78667,5847.74738,10529.83638,-6493.020799999999,10591.985829999998,3009.3598899999997,-1603.6031999999998,-15861.66963,449.98167,24715.141280000003,-15411.68796,9303.45332,1764.3738999999998,4560.9691,7091.5976,-4052.6758999999993,-3136.2279999999996,1984.0716999999997,1175.4497000000001,-1328.0416999999998,277.151,9387.5581,-1050.8907,8336.667399999998,0.0,-0.0,-0.0,-193.171,-1824.848,-0.0,0.0,1781.7359999999999,-30.770000000000003,-2018.0189999999998,1750.966,-267.036,MycMax_TTTTTTTTTTTTTTGAGAAAATGAAGACAATTATCT,1
6,9874.186704,23188.185792999993,38415.985076,-23734.663696,147.080481,10733.784835999999,654.2199929999999,-22216.586,1449.3399129999998,59278.86270799998,-20767.162566,38511.700142,2931.14493,5961.630719999999,10469.84865,-6421.48752,10641.214089999998,3055.0999199999997,-1613.2818100000002,-15925.538630000001,452.63468999999986,25024.16898,-15472.953069999998,9551.265039999998,1692.4706999999999,4516.7521,7133.9939,-4096.083699999999,-3088.0227999999997,1917.0237,1175.3340999999998,-1369.2241999999999,285.93659999999994,9251.467999999999,-1083.3165,8168.180399999999,-0.0,0.0,-0.0,-199.546,-1835.6599999999999,-0.0,0.0,1794.0099999999998,-29.801000000000002,-2035.2060000000001,1764.2089999999998,-270.997,MycMax_TTTTTTTTTTTTTTGAGAAAATGAAGACAATTATCT,1
7,9571.423078999998,23901.538653999996,38456.910366,-23832.383265999997,103.48251899999998,10768.529572,633.2562219999999,-22168.477903999996,1439.5679559999999,59602.673624999996,-20728.909947999997,38873.763676999995,2739.0957599999997,6258.375919999999,10509.742209999999,-6489.87648,10667.351249999998,3002.8255999999997,-1614.5591899999997,-15942.684999999998,452.19252,25073.004199999996,-15490.541609999997,9582.46259,1700.6783,4589.031,7124.717000000001,-4117.7298,-3120.3907999999997,1959.7379,1168.8604999999998,-1335.7868999999998,281.197,9304.9041,-1054.5899,8250.3142,-0.0,-0.0,0.0,-183.056,-1834.555,0.0,0.0,1790.049,-28.866,-2017.6109999999999,1761.2,-256.428,MycMax_TTTTTTTTTTTTTTGAGAAAATGAAGACAATTATCT,1
8,9801.941038999998,23192.361843,38676.152990999995,-23901.622174999997,191.346611,10868.754771999998,644.6150779999999,-22216.836563,1440.4031659999998,59473.55015899999,-20776.433397,38697.116762000005,2695.22267,6033.99921,10652.21921,-6461.87238,10673.443369999999,3060.06205,-1614.8048399999998,-15935.561149999998,450.8660099999999,25038.31842,-15484.695139999998,9553.62328,1806.2210999999998,4475.6274,7116.7406,-4118.9436,-3108.0505000000003,1960.7494000000002,1172.9353999999998,-1346.162,285.58979999999997,9305.308699999998,-1060.5721999999998,8244.736499999999,0.0,-0.0,-0.0,-206.125,-1826.0210000000002,0.0,0.0,1783.8269999999998,-30.804000000000002,-2032.1460000000002,1753.0230000000001,-279.123,MycMax_TTTTTTTTTTTTTTGAGAAAATGAAGACAATTATCT,1
9,9821.150869,23401.916031999997,38431.269419000004,-23775.588985999995,123.360517,10647.006516999998,655.8068919999998,-22120.703891999994,1420.8592519999997,59304.921259999996,-20699.928160999996,38605.07661999999,2863.44379,6183.157889999999,10532.931569999999,-6427.383119999999,10625.73814,2942.29744,-1622.9112899999998,-15885.93985,447.62343000000004,25097.274419999998,-15438.316420000001,9658.957999999999,1713.9433999999997,4460.3682,7102.2038999999995,-4096.1415,-3094.4674999999997,1953.3220999999999,1181.5765000000001,-1354.4563,279.5208,9220.833999999999,-1074.9066,8145.898499999999,0.0,0.0,0.0,-205.819,-1831.359,0.0,0.0,1791.1029999999998,-30.107,-2037.1609999999998,1760.996,-276.16499999999996,MycMax_TTTTTTTTTTTTTTGAGAAAATGAAGACAATTATCT,1
10,9595.143042999998,23289.580286999997,38432.188149999994,-23880.240798999996,-10.273082999999998,10778.635612999999,658.1454799999999,-22071.927627999994,1432.635713,58863.26221199999,-20639.291914999998,38223.97029699999,2783.3618899999997,6010.66246,10547.03188,-6466.6871200000005,10616.74735,3032.1562099999996,-1626.2029999999995,-15886.38202,447.91820999999993,24897.1188,-15438.512939999999,9458.605859999998,1682.8469999999998,4523.0234,7094.198599999998,-4150.271199999999,-3143.0773,1945.9814999999999,1184.322,-1322.7819,279.5497,9137.024,-1043.2611,8093.7918,-0.0,0.0,0.0,-181.679,-1826.8369999999998,0.0,-0.0,1782.5859999999998,-27.829,-2008.516,1754.757,-253.75900000000001,MycMax_TTTTTTTTTTTTTTGAGAAAATGAAGACAATTATCT,1
11,9204.515325999999,23494.624342,38541.01601299999,-23514.919944999994,-38.67022299999999,10741.134683999999,699.488375,-22080.697333,1435.6424689999997,59127.10505099999,-20645.054863999998,38482.133707999994,2656.6064899999997,6282.695269999998,10548.99708,-6427.72703,10638.364549999998,2974.0845499999996,-1612.5448600000002,-15896.208019999996,448.6551599999999,25060.476049999997,-15447.552859999996,9612.92319,1622.2437,4433.9247,7130.699299999999,-4056.5196,-3178.2196999999996,1967.1941,1190.5933,-1310.8173,279.9254,9109.8869,-1030.8918999999999,8078.994999999999,-0.0,-0.0,0.0,-175.95,-1819.425,0.0,0.0,1777.1460000000002,-27.692999999999998,-1995.375,1749.4699999999998,-245.905,MycMax_TTTTTTTTTTTTTTGAGAAAATGAAGACAATTATCT,1
12,9626.964544,23687.808415,38636.981642,-23711.277815999998,-67.902573,10747.732843,655.8068919999998,-21965.521874,1439.9855609999997,59576.197467999984,-20525.536313,39050.661154999994,2805.3721299999997,5914.072879999999,10539.858900000001,-6402.52334,10634.876319999998,2983.81229,-1598.4445500000002,-15910.799630000001,452.97860000000003,24877.02463,-15457.82103,9419.203599999999,1680.9395999999997,4717.6359999999995,7169.280799999999,-4146.5142,-3079.0638000000004,1963.7261,1167.1843,-1363.9066,279.46299999999997,9473.159899999999,-1084.4436,8388.7163,0.0,0.0,0.0,-171.683,-1882.495,-0.0,0.0,1836.867,-28.032999999999998,-2054.178,1808.8509999999999,-245.327,MycMax_TTTTTTTTTTTTTTGAGAAAATGAAGACAATTATCT,1
13,9279.350142,23648.13594,38397.861018999996,-23660.413526999997,-222.41642299999995,10913.354985999998,700.8247109999999,-21917.914903999997,1445.080342,59056.69684799999,-20472.834561999996,38583.86228599999,2669.7733299999995,6082.98182,10609.86915,-6601.84375,10700.61226,3006.21557,-1608.1231599999996,-15966.120009999997,449.63775999999996,24859.485219999995,-15516.482249999997,9343.00297,1640.3929,4604.5214,7045.3576,-4028.4288,-3129.7833,2007.8853,1188.4547,-1348.4451,284.54939999999993,9328.428699999999,-1063.8957,8264.5041,0.0,0.0,0.0,-161.84,-1906.873,0.0,-0.0,1856.621,-28.832,-2068.713,1827.789,-240.92399999999998,MycMax_TTTTTTTTTTTTTTGAGAAAATGAAGACAATTATCT,1
14,9419.164295999999,23503.561089000003,38512.78591499999,-23554.508899,-448.006644,10641.243567999996,688.0459979999999,-21726.985898000003,1431.048814,58762.368844,-20295.937083999997,38466.43176,2716.79074,6048.246909999999,10587.515,-6438.43737,10555.92441,2939.20225,-1588.5694199999998,-15848.601049999997,450.8168800000001,24820.623389999997,-15397.833299999998,9422.79009,1661.1430999999998,4574.9567,7098.273499999999,-4079.234999999999,-3158.0474999999997,1953.1487,1172.5597,-1313.0137,278.9139,9222.770299999998,-1034.0998,8188.670499999999,-0.0,0.0,0.0,-166.94,-1886.082,0.0,0.0,1833.9769999999999,-28.764000000000003,-2053.022,1805.1960000000001,-247.826,MycMax_TTTTTTTTTTTTTTGAGAAAATGAAGACAATTATCT,1
15,9670.813069,23137.989672,38395.271868,-23601.781784999996,-229.18162400000003,10747.649322,620.8115929999999,-21869.556245,1425.4529069999999,58741.572114999995,-20444.103338,38297.468776999995,2700.72523,6070.109759999999,10493.87322,-6564.062779999998,10647.74838,2920.6802399999997,-1613.57659,-15922.73822,450.07993,24655.448329999996,-15472.658289999998,9182.740909999999,1757.6401999999998,4435.571999999999,7112.7235,-3996.0319,-3151.0247999999997,2000.8626000000002,1163.9764,-1306.7134999999998,280.15659999999997,9323.6891,-1026.5858,8297.1322,0.0,0.0,0.0,-182.01899999999998,-1877.4460000000001,0.0,0.0,1826.9050000000002,-30.395999999999997,-2059.465,1796.509,-262.956,MycMax_TTTTTTTTTTTTTTGAGAAAATGAAGACAATTATCT,1
16,9791.166829999998,23438.832314,38332.881681,-23296.596051,-108.57729999999998,10687.263638999999,671.8429239999998,-22018.557708999997,1440.1526030000002,59516.81403699999,-20578.405106,38938.40893099999,2692.324,6081.458789999999,10439.781089999999,-6398.543809999998,10772.735099999998,2991.1817899999996,-1606.0596999999996,-16036.96547,453.7155499999999,24972.828129999998,-15583.249919999998,9389.57821,1804.2269999999999,4533.0228,7122.925199999999,-4031.7812,-3123.3386,1938.4963999999998,1177.2125999999998,-1343.4454,281.83279999999996,9420.735299999998,-1061.6126,8359.122699999998,0.0,-0.0,0.0,-156.162,-1912.415,0.0,0.0,1857.692,-29.648,-2068.594,1828.061,-240.53300000000002,MycMax_TTTTTTTTTTTTTTGAGAAAATGAAGACAATTATCT,1
17,9474.789282,23388.552671999998,38315.09170799999,-23371.681429999997,-60.636245999999986,10760.010429999997,687.127267,-22038.352185999996,1427.0398059999998,59193.253682999995,-20611.31238,38581.94130299999,2750.69044,6015.035029999999,10551.89575,-6433.42611,10706.409599999997,2992.70482,-1614.5591899999997,-15960.813969999997,450.03079999999994,24968.75034,-15510.783169999999,9457.967169999998,1660.4206,4554.6689,7050.790799999999,-4030.8853,-3130.7659,1962.7723999999998,1187.501,-1341.9136999999998,278.13359999999994,9254.473599999998,-1063.7801,8190.6935,0.0,-0.0,-0.0,-159.902,-1875.3380000000002,0.0,-0.0,1826.4119999999998,-28.848999999999997,-2035.24,1797.546,-237.677,MycMax_TTTTTTTTTTTTTTGAGAAAATGAAGACAATTATCT,1
18,9787.993032,23365.500876,38491.321017999995,-23727.898494999998,-134.635852,10855.558454,671.2582769999999,-21960.17653,1430.1300829999998,59309.09731,-20530.046447,38779.134384,2946.7191399999997,6023.780169999999,10485.91416,-6440.893869999999,10696.87838,2958.65773,-1610.92357,-15960.961359999998,450.22732,25060.03388,-15510.68491,9549.348970000001,1653.4845999999998,4541.5482999999995,7150.6403,-4095.9681,-3168.2491999999997,2015.8617,1179.8713999999998,-1303.0431999999998,276.65970000000004,9277.189,-1026.4124000000002,8250.7766,0.0,-0.0,0.0,-191.522,-1865.0529999999999,0.0,-0.0,1819.5099999999998,-27.438,-2056.575,1792.0720000000001,-264.503,MycMax_TTTTTTTTTTTTTTGAGAAAATGAAGACAATTATCT,1
19,9289.706745999998,23363.663414,38285.19118999999,-23975.287697,190.84548499999994,10867.084351999998,703.2468200000001,-22291.504337,1429.2948729999998,58724.366789,-20862.209464,37862.15732499999,2716.9381299999995,6026.87536,10475.25295,-6561.16411,10861.75866,3030.97709,-1617.06482,-16119.70039,449.09732999999994,24933.573259999997,-15670.603059999996,9263.01933,1616.2325,4539.091799999999,7085.557499999999,-4133.4225,-3093.3692999999994,1977.3091,1194.5525999999998,-1376.1024,279.4052,9185.9517,-1096.6971999999998,8089.2545,0.0,0.0,0.0,-178.262,-1899.9199999999998,0.0,0.0,1849.974,-28.832,-2078.182,1821.1419999999998,-257.057,MycMax_TTTTTTTTTTTTTTGAGAAAATGAAGACAATTATCT,1
20,10001.890312999998,23109.592532,38458.079659999996,-23523.522607999996,-137.55908699999998,10776.714629999999,665.3282859999999,-21993.919013999996,1443.9945689999997,59350.356684000006,-20549.924444999993,38800.432238999994,2831.46016,6076.005359999999,10494.46278,-6500.341169999999,10733.234579999998,3015.20636,-1622.32173,-15989.309369999999,452.14339,25027.706339999997,-15537.165979999998,9490.540359999999,1795.2969,4422.2491,7134.0517,-4003.9216,-3188.6236999999996,1955.3162000000002,1184.5243,-1301.1069,282.7576,9298.892899999999,-1018.3493,8280.5725,-0.0,0.0,0.0,-183.515,-1866.2599999999998,0.0,-0.0,1821.3119999999997,-28.866,-2049.775,1792.4460000000001,-257.346,MycMax_TTTTTTTTTTTTTTGAGAAAATGAAGACAATTATCT,1
21,9755.419842,23426.387684999998,37998.71416,-23678.036458000002,-32.57319,10600.401799,691.5538799999999,-22070.925376,1435.6424689999997,58761.951238999995,-20635.282906999997,38126.668331999994,2823.4028399999997,5960.255080000001,10395.318440000001,-6454.895919999999,10721.295989999999,2961.6055299999994,-1628.0699399999999,-15968.969549999998,447.32865,24778.86289,-15521.6409,9257.221989999998,1714.7526,4599.9841,7033.479700000001,-4089.8990999999996,-3137.3261999999995,1925.8382,1196.9802,-1343.9656,282.1218,9243.838399999999,-1061.8438,8181.9946,-0.0,0.0,0.0,-180.115,-1870.918,0.0,0.0,1823.811,-28.526,-2051.0499999999997,1795.2679999999998,-255.782,MycMax_TTTTTTTTTTTTTTGAGAAAATGAAGACAATTATCT,1
22,9396.279541999998,23306.200965999997,38023.269334,-23682.546592,139.98119599999998,10969.731660999998,709.260332,-22265.02818,1445.8320310000001,58862.176439,-20819.196149,38042.98028999999,2778.54715,6053.209039999999,10473.975569999999,-6462.65846,10805.06264,3034.4653200000002,-1629.4455799999998,-16060.400479999998,452.68382,25053.05742,-15607.71666,9445.34076,1616.8683,4503.7471,6995.678500000001,-4078.7725999999993,-3142.7594,2010.7752999999998,1203.9451,-1342.2604999999999,281.4282,9109.511199999999,-1060.8611999999998,8048.65,0.0,0.0,0.0,-184.909,-1861.6019999999999,0.0,0.0,1814.9369999999997,-27.897,-2046.5109999999997,1787.057,-259.454,MycMax_TTTTTTTTTTTTTTGAGAAAATGAAGACAATTATCT,1
23,9780.142058,22857.108548999993,38607.749292,-23612.221909999997,68.82130399999998,10919.535539999999,710.3461049999999,-22214.414453999994,1455.520467,59331.48093799999,-20758.893986999996,38572.67047199999,2845.1182999999996,5903.362539999999,10636.10457,-6458.826319999999,10800.00225,3031.76317,-1600.2623600000002,-16069.047359999999,453.8629399999999,25157.213019999996,-15615.184419999998,9542.0286,1710.5331999999999,4436.4679,7102.550700000001,-4076.2294,-3157.3828,1995.0248000000001,1187.1541999999997,-1324.9494,284.43379999999996,9198.089699999999,-1040.5156,8157.574100000001,-0.0,-0.0,0.0,-173.38299999999998,-1865.733,0.0,0.0,1818.048,-28.101000000000003,-2039.116,1789.9470000000001,-249.186,MycMax_TTTTTTTTTTTTTTGAGAAAATGAAGACAATTATCT,1
24,9735.040717999998,23445.346951999996,38456.826844999996,-23480.342251,-174.64241099999998,10684.256882999998,659.231253,-21957.754420999998,1444.5792159999999,59325.63446799998,-20513.175204999996,38812.459263,2840.2052999999996,5920.9019499999995,10534.896769999998,-6362.3841299999995,10639.19976,2983.5175099999997,-1608.0249,-15924.11386,450.5712299999999,24948.31226,-15473.542629999998,9474.818759999998,1697.8172,4629.6644,7109.8624,-4106.227599999999,-3141.0543,1941.9644,1174.0047,-1324.1691,283.59569999999997,9306.0023,-1040.5734,8265.428899999999,0.0,-0.0,0.0,-162.28199999999998,-1869.235,0.0,0.0,1819.68,-28.695999999999998,-2031.5339999999999,1790.984,-240.54999999999998,MycMax_TTTTTTTTTTTTTTGAGAAAATGAAGACAATTATCT,1
25,9906.509331,23225.102074999995,38643.078675,-23815.094418999994,-49.02682699999999,10754.665085999999,683.702906,-22094.394776999998,1429.2113519999998,59348.936827,-20665.183424999996,38683.753402,2784.6883999999995,5981.82315,10603.48225,-6564.2593,10728.763749999998,3058.3424999999997,-1591.36983,-16012.154819999996,449.34297999999995,25001.47092,-15562.811839999998,9438.65908,1789.7769999999998,4517.648,7133.9939,-4078.2524000000003,-3114.6686,1922.3412999999998,1172.6752999999999,-1357.722,279.86760000000004,9343.514500000001,-1077.8833,8265.6312,0.0,0.0,0.0,-177.021,-1890.2130000000002,-0.0,0.0,1842.0689999999997,-29.189000000000004,-2067.234,1812.88,-254.354,MycMax_TTTTTTTTTTTTTTGAGAAAATGAAGACAATTATCT,1
26,9775.29784,23645.797351999998,38844.948932,-23692.986716999996,-290.987164,10576.180708999998,644.1139519999999,-21880.748058999998,1433.637965,59502.28138299999,-20447.110093999996,39055.17128899999,2953.40082,5905.47513,10631.388089999999,-6390.58475,10588.0063,2933.45404,-1616.2787399999997,-15866.631759999998,449.44123999999994,25004.860889999996,-15417.141389999999,9587.719499999997,1645.1614,4708.1278999999995,7187.401099999999,-4145.8206,-3145.0135999999998,1934.0168999999999,1173.629,-1337.492,280.7346,9357.5021,-1056.7574000000002,8300.7447,0.0,-0.0,0.0,-172.533,-1872.89,0.0,0.0,1823.301,-28.848999999999997,-2045.423,1794.435,-250.97099999999998,MycMax_TTTTTTTTTTTTTTGAGAAAATGAAGACAATTATCT,1
27,9707.562308999999,23361.157783999995,38586.117352999994,-23826.954401,-215.90178500000002,10780.890679999997,691.0527539999999,-21932.781641999994,1435.4754269999996,59083.924693999994,-20497.306215,38586.61847899999,2760.81122,5949.69213,10658.80263,-6343.076039999999,10536.174149999999,2939.8900699999995,-1611.5131299999998,-15817.943930000001,447.1812599999999,24890.830159999994,-15370.762669999998,9520.06749,1735.0115,4583.6267,7081.7137999999995,-4211.770399999999,-3124.6102,2001.0937999999996,1187.0674999999999,-1352.9824,281.28369999999995,9252.103799999999,-1071.6698,8180.433999999999,-0.0,0.0,-0.0,-177.429,-1851.674,0.0,0.0,1804.975,-28.032999999999998,-2029.12,1776.942,-252.178,MycMax_TTTTTTTTTTTTTTGAGAAAATGAAGACAATTATCT,1
28,9886.213727999999,22956.582059999997,38517.880696,-23754.541694,-23.887005999999996,10768.111966999999,688.630645,-22079.945644,1445.8320310000001,59038.99039599999,-20634.113612999998,38404.87678299999,2886.09272,5889.2131,10620.33384,-6558.118049999999,10687.7402,2980.17667,-1620.1600099999998,-15945.19063,450.17819,24885.278469999994,-15495.01244,9390.266029999999,1723.1336,4479.210999999999,7080.7601,-4089.1766000000002,-3163.3072999999995,1972.9451999999997,1191.3158,-1313.8229,280.4745,9194.8529,-1033.3483999999999,8161.5045,0.0,-0.0,0.0,-160.39499999999998,-1842.2730000000001,-0.0,0.0,1795.999,-26.452,-2002.668,1769.547,-233.12099999999998,MycMax_TTTTTTTTTTTTTTGAGAAAATGAAGACAATTATCT,1
29,10030.454495,23274.128901999997,38446.63728299999,-23478.755351999996,-127.11896199999998,10728.105408,641.107196,-21982.727199999998,1443.493443,59514.47544899998,-20539.233756999998,38975.325213,2801.29434,6024.222339999999,10627.408559999998,-6354.71985,10609.721759999999,3001.1551799999997,-1620.84783,-15885.006379999999,449.93254,25088.234499999995,-15435.024709999998,9653.16066,1822.9252999999999,4509.6716,7051.9178999999995,-4115.8224,-3162.7292999999995,1946.7618,1175.2763,-1304.0258000000001,283.50899999999996,9228.001199999999,-1020.5457,8207.4555,0.0,0.0,0.0,-158.98399999999998,-1836.6119999999999,-0.0,-0.0,1789.216,-28.628,-1995.5960000000002,1760.5880000000002,-235.008,MycMax_TTTTTTTTTTTTTTGAGAAAATGAAGACAATTATCT,1
30,9336.227942999998,23968.940100999997,38415.985076,-23561.775225999998,-222.24938099999994,10774.793646999999,700.0730219999998,-21957.6709,1451.4279379999996,59411.995182,-20506.159441,38905.835740999995,2674.0476399999993,6052.2264399999995,10554.204859999998,-6466.58886,10624.853799999997,2991.3291799999993,-1599.0341099999998,-15905.444459999999,450.1290599999999,24831.038949999995,-15455.315400000001,9375.723549999999,1657.5594999999996,4733.5887999999995,7084.372600000001,-4065.5652999999998,-3130.9103999999993,1968.6969,1182.8481,-1355.2654999999997,283.27779999999996,9430.648,-1072.0166,8358.6314,0.0,0.0,-0.0,-166.736,-1879.9449999999997,0.0,0.0,1831.546,-26.945,-2046.681,1804.6009999999999,-242.08,MycMax_TTTTTTTTTTTTTTGAGAAAATGAAGACAATTATCT,1
31,10213.532527,23076.184132,38569.580194999995,-23421.626987999996,-199.03054299999994,10693.444192999998,655.890413,-21909.646324999998,1429.963041,59587.890407999985,-20479.683284,39108.207123999986,3148.8890899999997,5986.58876,10509.54569,-6310.994149999999,10582.84765,2930.2114599999995,-1619.5213199999996,-15858.181400000001,450.37470999999994,25227.51805,-15407.80669,9819.760489999999,1681.8066000000001,4463.316,7163.7898000000005,-4089.1187999999997,-3137.7597,1976.4998999999998,1179.6113,-1328.3885,279.9832,9238.1451,-1048.4053,8189.710899999999,-0.0,0.0,0.0,-178.177,-1856.6550000000002,0.0,0.0,1809.14,-29.460999999999995,-2034.832,1779.6619999999998,-255.17,MycMax_TTTTTTTTTTTTTTGAGAAAATGAAGACAATTATCT,1
32,9560.314785999999,23912.062299999998,38609.252669999994,-23630.763572,-260.58552,10507.860530999998,618.556526,-21834.477424999997,1420.3581259999999,59316.61419999999,-20414.035777999998,38902.494901,2788.2748899999997,6123.415809999999,10549.783159999999,-6410.4824,10609.525239999999,2933.3066499999995,-1618.2439399999998,-15875.3769,447.52517000000006,24975.530279999995,-15427.900859999998,9547.678549999999,1667.9057,4672.0607,7153.848199999999,-4118.4812,-3122.7895,1910.4633999999999,1165.9415999999999,-1341.3068,274.28989999999993,9328.919999999998,-1067.0168999999999,8261.932,0.0,0.0,-0.0,-169.048,-1887.2210000000002,0.0,0.0,1837.989,-27.081,-2056.269,1810.908,-245.36100000000002,MycMax_TTTTTTTTTTTTTTGAGAAAATGAAGACAATTATCT,1
33,9657.867314,23825.116938999996,38461.002895,-23538.890472,-274.700569,10926.21722,686.375578,-21886.928613,1455.1863829999998,59742.90538399999,-20431.825750999997,39311.079632999994,2771.07939,5987.866139999999,10521.09124,-6501.225509999998,10656.690039999998,3051.1695199999995,-1608.7618499999999,-15925.980799999998,451.5047,24877.859839999997,-15474.4761,9403.432869999999,1711.7758999999999,4721.7109,7119.399399999999,-4046.9826,-3166.2550999999994,1985.8924,1183.8595999999998,-1322.3483999999999,282.8154,9509.400499999998,-1039.533,8469.867499999998,0.0,0.0,-0.0,-161.00699999999998,-1880.863,-0.0,0.0,1833.671,-26.401,-2041.87,1807.2529999999997,-234.617,MycMax_TTTTTTTTTTTTTTGAGAAAATGAAGACAATTATCT,1
34,9846.207169,23680.625608999995,38637.73333099999,-23485.437032,-67.06736299999999,10849.294378999999,681.948965,-22121.789665,1459.2789119999998,60143.388579,-20662.510752999995,39480.877825999996,2904.8603799999996,6170.48235,10582.84765,-6501.27464,10741.68494,3019.0384999999997,-1630.5755699999997,-16011.270479999997,451.70122,25287.01448,-15559.569259999998,9727.44522,1698.2507,4564.3215,7144.253399999999,-4031.174299999999,-3165.7927,1978.2049999999997,1195.1306,-1330.9316999999999,282.98879999999997,9383.1942,-1047.9429,8335.2513,0.0,-0.0,0.0,-159.409,-1868.266,0.0,-0.0,1820.4279999999999,-25.738,-2027.658,1794.69,-232.968,MycMax_TTTTTTTTTTTTTTGAGAAAATGAAGACAATTATCT,1
35,9622.872015,23319.731368,38507.52409200001,-23688.309541,-88.53226,10874.434200000002,745.0073199999999,-22118.782908999994,1458.8613069999997,59292.643673,-20659.921602,38632.638549999996,2743.76311,6069.96237,10511.903929999999,-6505.794599999999,10736.52629,3015.6485299999995,-1602.4732099999999,-16017.31347,453.4699,24969.536419999997,-15563.794439999998,9405.741979999999,1715.7062999999998,4498.5451,7140.929899999999,-4081.9226999999996,-3179.6935999999996,1988.8401999999999,1200.3904,-1319.4295,283.2489,9282.8245,-1036.1806,8246.643900000001,0.0,-0.0,0.0,-169.286,-1862.673,0.0,-0.0,1816.348,-26.588,-2031.9589999999998,1789.7599999999998,-242.19899999999998,MycMax_TTTTTTTTTTTTTTGAGAAAATGAAGACAATTATCT,1
36,9725.686366,23512.915441,38428.59674699999,-23645.713830999997,-183.57915799999998,10736.541029,698.2355599999999,-21995.422391999997,1436.5611999999996,59272.68215399999,-20558.861191999997,38713.820962,2774.7641399999998,5953.229489999999,10505.81181,-6524.85704,10606.57744,3026.8501699999997,-1601.1466999999998,-15891.589799999998,451.35731,24741.229309999995,-15440.232489999997,9300.99682,1733.0751999999998,4634.0572,7117.202999999999,-4096.517199999999,-3147.1232999999997,1934.566,1183.455,-1331.134,276.16839999999996,9358.7159,-1054.9656,8303.7503,0.0,-0.0,0.0,-145.435,-1856.2130000000002,0.0,0.0,1804.873,-26.230999999999998,-2001.6480000000001,1778.6419999999998,-223.006,MycMax_TTTTTTTTTTTTTTGAGAAAATGAAGACAATTATCT,1
37,9769.033765,23460.881857999997,38486.977926,-23589.086592999996,-225.005574,10745.394254999997,700.8247109999999,-21902.129434999995,1439.2338719999998,59348.936827,-20462.895563000002,38886.041264,2973.5441199999996,6210.22852,10532.78418,-6360.124149999999,10632.714599999998,2982.1909999999993,-1614.46093,-15904.461859999998,449.68689,25356.975599999998,-15454.774969999999,9902.20063,1631.1448999999998,4464.847699999999,7121.509099999999,-4137.6708,-3158.3942999999995,1963.8705999999997,1192.1538999999998,-1317.6955,278.13359999999994,9077.49,-1039.5619,8037.899200000001,0.0,0.0,0.0,-166.702,-1867.059,0.0,0.0,1820.4109999999998,-26.247999999999998,-2033.7609999999997,1794.1460000000002,-239.61499999999998,MycMax_TTTTTTTTTTTTTTGAGAAAATGAAGACAATTATCT,1
38,9781.227830999998,23264.022860999994,38404.041572999995,-23408.681232999996,-383.86251599999997,10512.036580999998,735.987052,-21816.520409999997,1434.3061329999996,58904.772149,-20382.130756,38522.64139299999,2775.00979,6012.087229999999,10446.85581,-6325.978799999999,10628.2929,2969.22068,-1602.22756,-15902.8897,450.5712299999999,24903.16179,-15452.318469999998,9450.84332,1752.1491999999998,4513.3419,7143.4153,-4083.1364999999996,-3200.9639999999995,1890.8113999999998,1197.1535999999999,-1298.5348,277.2088,9212.7709,-1021.3259999999999,8191.444899999999,-0.0,-0.0,0.0,-173.876,-1872.8220000000001,0.0,0.0,1826.0210000000002,-27.03,-2046.698,1798.991,-247.724,MycMax_TTTTTTTTTTTTTTGAGAAAATGAAGACAATTATCT,1
39,9652.354927999999,23798.306697999997,38461.42049999999,-23175.072996,-423.7020329999999,10703.466713,690.217544,-21785.116513999998,1439.9020399999997,59706.99135399999,-20345.214473999997,39361.77688,2816.96681,6186.79351,10449.01753,-6313.7945599999985,10618.810809999999,3032.25447,-1623.6973699999999,-15894.144559999997,451.30817999999994,25166.400329999997,-15442.836379999999,9723.51482,1682.8758999999998,4595.4178999999995,7161.969099999999,-4051.5777,-3190.7911999999997,1919.9425999999999,1193.9457,-1303.8234999999997,278.0469,9311.7823,-1025.7766,8286.0057,0.0,0.0,0.0,-149.124,-1883.634,0.0,0.0,1832.481,-26.622,-2032.758,1805.859,-226.91599999999997,MycMax_TTTTTTTTTTTTTTGAGAAAATGAAGACAATTATCT,1
40,9818.060592,23029.662934999997,38244.43294200001,-23608.129381,-283.63731599999994,10481.133811,728.2195989999999,-21922.508558999998,1446.5001989999998,58409.65966099999,-20476.008359999996,37933.651301,2880.7375499999994,5743.98482,10477.070759999997,-6540.43125,10575.183369999999,2917.87983,-1579.43124,-15875.67168,450.37470999999994,24475.042969999995,-15425.296969999998,9049.746,1702.7013,4589.898,7070.4139,-4060.5945,-3161.9779,1910.29,1181.0274,-1319.0827,280.85020000000003,9231.729299999999,-1038.2613999999999,8193.496799999999,-0.0,-0.0,0.0,-153.527,-1856.9779999999998,-0.0,-0.0,1807.1,-26.622,-2010.505,1780.4779999999998,-230.01000000000002,MycMax_TTTTTTTTTTTTTTGAGAAAATGAAGACAATTATCT,1
41,9725.018198,22557.351680000003,38577.84877399999,-23585.411668999994,-293.743357,10724.430483999999,735.903531,-21934.61910399999,1448.0870979999997,58441.31412,-20486.532006,37954.782113999994,2755.8490899999997,5738.433129999999,10527.723789999998,-6488.107799999999,10589.33281,3003.12038,-1606.3053499999996,-15863.585700000001,449.98167,24520.095179999997,-15413.604029999999,9106.491149999998,1743.9705,4429.7631,7155.986799999999,-4091.8932,-3178.3931,1944.3341999999998,1199.5234,-1328.0995,280.1277,9203.233900000001,-1047.9717999999998,8155.262099999999,0.0,0.0,0.0,-148.614,-1854.2749999999999,-0.0,0.0,1805.774,-25.738,-2002.8890000000001,1780.0359999999998,-222.853,MycMax_TTTTTTTTTTTTTTGAGAAAATGAAGACAATTATCT,1
42,9805.198358,23822.611309,39051.663407,-23264.356944999996,-335.0027309999999,10779.220259999998,696.147535,-21881.332705999997,1444.4121739999998,60555.56471399999,-20436.920532,40118.644182,2834.55535,6079.78837,10652.31747,-6459.56327,10648.239679999999,2980.9627499999992,-1615.0504899999999,-15909.620509999999,452.68382,25121.24986,-15456.93669,9664.31317,1725.4166999999998,4666.772,7246.617200000001,-3989.9628999999995,-3176.0522,1976.3553999999997,1190.9111999999998,-1326.3944,280.9658,9640.0863,-1045.4286,8594.6577,0.0,-0.0,0.0,-153.08499999999998,-1884.433,0.0,0.0,1831.5289999999998,-27.914,-2037.5349999999999,1803.615,-233.92,MycMax_TTTTTTTTTTTTTTGAGAAAATGAAGACAATTATCT,1
43,9687.517269,23302.442521,38723.09179299999,-23237.880788,-417.939084,10564.738331999999,693.3078210000001,-21814.348863999996,1456.1051139999997,59315.52842699999,-20358.160228999994,38957.284676999996,2734.7231899999997,6014.10156,10551.99401,-6345.385149999999,10591.445399999999,2969.7611099999995,-1609.89184,-15877.342099999998,453.2242499999999,24906.69915,-15424.166979999998,9482.5813,1743.4503,4525.4221,7191.938399999999,-4040.3933999999995,-3180.8496000000005,1908.7293999999997,1186.8941,-1316.1638,284.2893,9335.2202,-1031.9034,8303.3168,-0.0,0.0,0.0,-157.539,-1878.84,-0.0,0.0,1827.993,-27.659,-2036.3789999999997,1800.3339999999998,-236.045,MycMax_TTTTTTTTTTTTTTGAGAAAATGAAGACAATTATCT,1
44,9412.065011,23477.335494999996,38723.592919,-23337.354299,-357.30283799999995,10691.690251999999,736.3211359999998,-21919.501802999996,1447.5859719999999,59346.347676000005,-20471.915830999995,38874.431845,2676.4550099999997,6052.57035,10471.96124,-6483.096539999999,10780.15373,2988.13573,-1601.5397400000002,-16044.08932,450.8660099999999,24884.590650000002,-15593.22331,9291.367339999999,1682.3845999999999,4563.3099999999995,7239.218799999999,-4014.0944,-3189.3172999999992,1941.791,1196.8645999999999,-1327.7526999999998,282.43969999999996,9420.1862,-1045.3419,8374.844299999999,-0.0,0.0,-0.0,-145.62199999999999,-1926.797,0.0,0.0,1871.0880000000002,-27.489,-2072.419,1843.599,-228.82,MycMax_TTTTTTTTTTTTTTGAGAAAATGAAGACAATTATCT,1
45,9503.687548,23689.311792999993,38421.079857,-23439.751044999994,-374.17407999999995,10813.797954,668.2515209999999,-21811.592671,1449.172871,59282.203548,-20362.336279,38919.867268999995,2728.6801999999993,6092.0708700000005,10481.787239999998,-6519.20709,10685.676739999999,3009.90032,-1623.1569399999998,-15941.948049999999,450.27644999999995,24855.70221,-15491.62247,9364.079740000001,1683.3672,4613.4226,7128.734099999999,-4008.7479,-3176.9480999999996,1971.2689999999998,1186.0271,-1315.4991,284.1737,9397.123999999998,-1031.3254,8365.798599999998,0.0,-0.0,-0.0,-157.08,-1904.8329999999999,0.0,-0.0,1850.501,-27.999,-2061.9300000000003,1822.502,-239.428,MycMax_TTTTTTTTTTTTTTGAGAAAATGAAGACAATTATCT,1
46,9646.508457999998,24035.506338,38449.978123,-23435.742036999993,-273.030149,10888.298686,675.0167219999998,-21925.682356999998,1448.25414,59986.536141,-20477.428216999997,39509.10792399999,2848.3608799999997,6181.48747,10513.181309999998,-6422.961419999999,10714.761700000001,2994.8174099999997,-1628.3647199999998,-15979.876409999999,454.4525,25201.282629999998,-15525.423909999998,9675.85872,1662.3858,4680.643999999999,7120.2663999999995,-4040.7401999999997,-3210.2697999999996,2005.9200999999998,1191.4314,-1291.3387,279.4052,9409.6666,-1011.9335,8397.7331,0.0,0.0,0.0,-170.78199999999998,-1874.7259999999999,0.0,-0.0,1826.191,-26.825999999999997,-2045.508,1799.365,-246.14299999999997,MycMax_TTTTTTTTTTTTTTGAGAAAATGAAGACAATTATCT,1
47,10034.296461,23456.288202999993,38695.52986299999,-23479.423519999997,-235.696262,10810.540635,694.727678,-21988.239586,1454.0170889999997,59976.346579,-20534.222497,39442.124081999995,2920.48372,6104.402499999999,10527.085099999998,-6429.299190000001,10805.946979999999,3087.18181,-1631.2633899999996,-16060.007440000001,451.45556999999997,25384.488399999995,-15608.55187,9775.936529999999,1754.1432999999997,4525.5377,7197.082600000001,-4099.898499999999,-3183.6528999999996,1924.7111,1199.9569,-1323.4177,283.3934,9317.8513,-1040.0243,8277.827000000001,0.0,0.0,0.0,-142.647,-1914.3189999999997,0.0,0.0,1860.0720000000001,-26.962,-2056.966,1833.11,-223.856,MycMax_TTTTTTTTTTTTTTGAGAAAATGAAGACAATTATCT,1
48,9514.127672999999,23272.876086999997,38304.40101999999,-23280.225935,-323.30979099999996,10843.781992999997,754.6122349999998,-21959.341319999996,1467.8815749999997,59086.26328199999,-20491.459745,38594.803537,2659.7016799999997,6109.462889999999,10478.937699999999,-6491.6942899999995,10684.59588,3059.91466,-1595.2019699999998,-15973.292989999998,451.16078999999996,24905.765679999993,-15522.132199999998,9383.633479999999,1727.5552999999998,4459.0966,7090.037000000001,-3988.922499999999,-3199.1432999999997,1952.2239,1199.4656,-1308.9098999999999,287.6128,9240.283699999998,-1021.2970999999999,8219.015499999998,0.0,-0.0,-0.0,-145.809,-1881.067,-0.0,0.0,1827.3980000000001,-26.537,-2026.859,1800.8779999999997,-225.998,MycMax_TTTTTTTTTTTTTTGAGAAAATGAAGACAATTATCT,1
49,9697.790351999998,23064.908797,38257.62926,-23784.275169999994,-109.91363599999997,10854.973806999997,831.2009919999999,-22125.631630999997,1448.755266,58812.230880999996,-20676.792843999996,38135.438037,2826.25238,5987.81701,10405.04618,-6562.048449999999,10783.494569999999,3004.83993,-1584.0985899999998,-16057.943979999998,448.9499399999999,24861.30303,-15608.994039999998,9252.30899,1693.1354,4458.691999999999,7117.318599999999,-4089.8413,-3166.1394999999998,1988.4933999999996,1219.4066,-1341.3356999999999,282.6998,9221.0652,-1058.6359,8162.4582,0.0,0.0,-0.0,-164.696,-1891.25,0.0,0.0,1841.916,-26.758,-2055.946,1815.158,-240.78799999999998,MycMax_TTTTTTTTTTTTTTGAGAAAATGAAGACAATTATCT,1
50,9646.174374,23301.774352999993,38418.90831099999,-23683.381802,-181.908738,10571.085927999999,755.6144869999999,-22031.085858999995,1447.6694929999999,58828.26691299998,-20583.416366,38244.850546999995,2769.1633199999997,5999.7555999999995,10415.903909999999,-6523.13749,10744.829259999999,3014.9607099999994,-1595.39849,-16013.039159999998,448.70428999999996,24826.07682,-15564.334869999999,9261.791079999999,1708.8858999999998,4533.6586,7166.7375999999995,-4108.2795,-3162.2091,1884.3088999999998,1199.9279999999999,-1338.2434,281.28369999999995,9223.0015,-1056.9886000000001,8166.012900000001,-0.0,0.0,0.0,-146.795,-1894.8539999999998,0.0,-0.0,1843.8029999999999,-26.044,-2041.649,1817.759,-223.89,MycMax_TTTTTTTTTTTTTTGAGAAAATGAAGACAATTATCT,1
51,9691.359235,23574.63746,38716.49363399999,-23536.551883999997,-336.756672,10759.592825,719.1158099999998,-21889.26720099999,1460.281164,59587.723366,-20428.986036999995,39158.737328999996,2836.2257699999996,5934.3635699999995,10693.881449999999,-6516.062769999999,10744.681869999999,3037.6096399999997,-1621.63391,-15997.121039999996,449.63775999999996,25109.016489999995,-15547.483279999997,9561.53321,1685.0433999999998,4666.482999999999,7106.221,-4064.6693999999998,-3168.0469,1936.2133000000001,1202.7313,-1342.2604999999999,284.087,9363.9468,-1058.1734999999999,8305.773299999999,0.0,0.0,0.0,-144.993,-1922.87,0.0,0.0,1869.507,-25.449,-2067.8630000000003,1844.058,-223.805,MycMax_TTTTTTTTTTTTTTGAGAAAATGAAGACAATTATCT,1
52,9809.457929,23572.883518999995,38602.57098999999,-23661.833383999998,-358.05452699999995,10764.102958999996,761.5444779999999,-21872.312438,1451.59498,59490.839005999995,-20420.717458000003,39070.121547999996,2781.83886,6226.883589999999,10555.33485,-6509.184569999999,10635.072839999999,2983.86142,-1614.6574499999997,-15898.320609999999,448.75342,25059.100409999995,-15449.56719,9609.53322,1757.9292,4493.8633,7148.299399999999,-4108.2217,-3151.256,1969.3905000000002,1213.3086999999998,-1356.2481,280.38779999999997,9323.2556,-1075.8602999999998,8247.395299999998,0.0,0.0,-0.0,-147.237,-1899.1380000000001,0.0,0.0,1847.016,-24.752,-2046.375,1822.2640000000001,-224.11100000000002,MycMax_TTTTTTTTTTTTTTGAGAAAATGAAGACAATTATCT,1
53,9806.367651999997,23796.719798999995,38773.204393,-23843.909164,-259.082142,10426.928681999998,765.88757,-21969.697923999996,1455.4369459999998,59465.94974799999,-20514.260977999995,38951.772290999994,2789.74879,6089.123070000001,10602.30313,-6560.37803,10689.36149,2931.88188,-1587.8815999999997,-15973.342119999996,449.68689,24954.207860000002,-15523.655229999997,9430.503499999999,1752.1780999999999,4652.321999999999,7179.6559,-4138.3355,-3135.9100999999996,1883.2684999999997,1199.061,-1360.4963999999998,281.2548,9392.239899999999,-1079.2705,8312.9694,0.0,0.0,0.0,-148.886,-1906.8220000000001,-0.0,-0.0,1855.6689999999999,-24.803,-2055.708,1830.866,-224.84199999999998,MycMax_TTTTTTTTTTTTTTGAGAAAATGAAGACAATTATCT,1
54,9906.592851999998,22970.279503999995,38513.87168799999,-23366.169043999995,-498.95445400000006,10621.699654,799.9641379999998,-21774.509347,1469.8025579999999,58947.28433799999,-20304.706788999996,38642.57754899999,2890.61268,5941.7822,10551.944880000001,-6479.80483,10517.7504,2935.0262,-1585.1794499999999,-15815.48743,450.07993,24772.082949999996,-15365.358369999998,9406.675449999999,1727.5264,4453.027599999999,7119.572799999999,-4036.1739999999995,-3132.3553999999995,1948.8715,1209.2627,-1372.8655999999999,285.8499,9289.7316,-1087.0157,8202.7159,0.0,-0.0,0.0,-139.62099999999998,-1898.356,0.0,0.0,1848.0189999999998,-24.717999999999996,-2037.9599999999998,1823.301,-214.659,MycMax_TTTTTTTTTTTTTTGAGAAAATGAAGACAATTATCT,1
55,9755.503362999998,23340.277533999997,38927.133596,-23661.248737,-609.2856949999999,10682.335899999998,749.2668909999999,-21681.049348,1457.1073659999997,59184.066373,-20223.941981999997,38960.124391,2803.1121499999995,5955.391209999999,10638.364549999998,-6440.893869999999,10520.845589999999,3033.18794,-1607.3862099999997,-15815.97873,451.30817999999994,24902.62136,-15364.719679999997,9537.901679999999,1726.7172,4573.049299999999,7211.734899999999,-4170.963599999999,-3147.2967,1912.0817999999997,1204.7832,-1358.9069,283.0755,9310.106099999999,-1075.8314,8234.2747,0.0,0.0,-0.0,-133.841,-1913.0949999999998,-0.0,0.0,1859.0349999999999,-26.078,-2046.936,1832.94,-213.99599999999998,MycMax_TTTTTTTTTTTTTTGAGAAAATGAAGACAATTATCT,1
56,9742.390566,23338.774156000003,38932.228377,-23516.840927999998,-482.4172959999999,10780.807158999998,776.661779,-21826.960534999995,1437.062326,59571.52029199999,-20389.898209,39181.622082999995,2873.7119599999996,5893.290889999999,10579.55594,-6362.13848,10657.377859999999,2987.79182,-1598.1006399999997,-15953.9849,447.72168999999997,25031.53848,-15506.26321,9525.275269999998,1680.6216999999997,4609.0587,7248.062199999999,-4135.5611,-3118.4544999999994,1972.8584999999998,1208.8002999999999,-1386.6509,280.4167,9465.3858,-1106.2341999999999,8359.1516,0.0,0.0,0.0,-152.541,-1951.4640000000002,0.0,0.0,1893.3919999999998,-27.37,-2104.022,1866.0220000000002,-238.0,MycMax_TTTTTTTTTTTTTTGAGAAAATGAAGACAATTATCT,1
57,9597.815714999999,23787.950093999996,38376.980769,-23461.215942,-241.79329499999997,10710.482476999996,741.3323959999999,-21967.609899,1454.5182149999998,59511.46869299999,-20513.091684000003,38998.377008999996,2703.6238999999996,6200.156869999999,10543.887559999997,-6369.16407,10708.66958,2968.33634,-1601.9819099999997,-15994.369759999998,449.24471999999986,25153.52827,-15545.17417,9608.403229999998,1730.6476,4584.0024,7076.916399999999,-4089.8413,-3081.0578999999993,1959.9691,1198.8586999999998,-1406.9965,286.5724,9379.494999999999,-1120.4241,8259.0709,0.0,0.0,0.0,-165.682,-1942.2669999999998,-0.0,0.0,1890.723,-27.964999999999996,-2107.932,1862.758,-245.17399999999998,MycMax_TTTTTTTTTTTTTTGAGAAAATGAAGACAATTATCT,1
58,9897.906667999998,23886.755436999996,38843.027948999996,-23523.105002999993,-321.97345499999994,10600.902924999999,673.596865,-21899.623805000003,1441.5724599999996,60057.111386,-20458.051344999996,39599.060041,2767.73855,6203.595969999999,10639.19976,-6464.72192,10720.166,2947.2104399999994,-1607.9266399999997,-15996.678869999998,448.31125,25205.21303,-15548.367619999995,9656.845409999998,1796.7997,4616.1392,7182.141299999999,-4048.9766999999993,-3119.5816,1934.4793000000002,1178.8888000000002,-1370.6114,282.4108,9539.89,-1088.2006000000001,8451.689400000001,0.0,-0.0,-0.0,-169.252,-1939.8869999999997,0.0,0.0,1883.94,-27.811999999999998,-2109.1220000000003,1856.1279999999997,-253.01100000000002,MycMax_TTTTTTTTTTTTTTGAGAAAATGAAGACAATTATCT,1
59,9614.770478,22769.244456999997,38301.978911,-23342.616122,-225.42317899999998,10964.887442999998,784.0116270000001,-22002.438156,1453.4324419999998,58866.853615,-20549.005714000003,38317.847900999994,2643.3413899999996,5839.24789,10478.888569999997,-6378.744419999999,10678.896799999999,3056.47556,-1584.98293,-15956.4414,449.0481999999999,24733.12286,-15507.393199999999,9225.729659999999,1771.9745999999998,4443.779600000001,7089.2567,-4047.0114999999996,-3122.8183999999997,1996.1519,1203.6272,-1378.9057,283.6535,9334.931199999999,-1095.2233,8239.7079,0.0,-0.0,0.0,-163.404,-1904.0339999999999,0.0,0.0,1853.9689999999998,-26.418,-2067.455,1827.551,-239.904,MycMax_TTTTTTTTTTTTTTGAGAAAATGAAGACAATTATCT,1
60,9608.840487,23726.311596000003,38589.959319,-23568.039300999997,-228.346414,10642.245819999998,750.6867479999999,-21998.429148000003,1444.4956949999998,59521.574733999994,-20554.016973999995,38967.641281,2786.3588199999995,6099.440369999999,10558.47917,-6471.1088199999995,10722.278589999996,2999.23911,-1616.8191699999998,-15989.211109999998,444.82302,25077.917199999996,-15544.437219999998,9533.47998,1685.8237000000001,4621.8903,7142.057,-4076.2004999999995,-3094.0917999999997,1918.1796999999997,1210.8233,-1406.5052,286.10999999999996,9408.4528,-1120.3952,8288.0576,-0.0,0.0,0.0,-160.174,-1936.555,0.0,0.0,1882.359,-28.203,-2096.746,1854.156,-242.58999999999997,MycMax_TTTTTTTTTTTTTTGAGAAAATGAAGACAATTATCT,1
61,9886.714853999998,23533.795691,39019.34078,-23482.346755,-293.075189,10812.461617999998,762.9643349999999,-21955.749916999997,1425.536428,60239.938854999986,-20530.213488999998,39709.72536599999,3054.8542699999994,5874.719749999999,10710.585649999999,-6300.725979999999,10729.15679,2972.6597799999995,-1614.75571,-16005.817049999996,448.70428999999996,25426.44542,-15557.11276,9869.332659999998,1624.0355,4687.4644,7201.1864000000005,-4129.1741999999995,-3100.3342,1992.7127999999998,1213.8578,-1403.6441,276.8042,9489.719599999999,-1126.8399,8362.8797,0.0,0.0,0.0,-170.51,-1948.421,-0.0,0.0,1895.109,-27.914,-2118.931,1867.1779999999999,-251.753,MycMax_TTTTTTTTTTTTTTGAGAAAATGAAGACAATTATCT,1
62,9723.013694,23574.052813000002,38493.659605999994,-23951.985338,-258.99862099999996,10546.363711999998,733.9825479999998,-21923.928416,1438.816267,58860.171935,-20485.112149,38375.05978599999,2757.4703799999997,6154.90814,10490.041079999997,-6446.64208,10687.789329999998,3016.9259100000004,-1613.6257199999998,-15952.167089999997,451.60296,25046.9653,-15500.564129999999,9546.401169999997,1742.3231999999998,4536.5486,7148.9929999999995,-4208.3891,-3107.0100999999995,1874.5984999999998,1203.1647999999998,-1381.9401999999998,279.5208,9190.2289,-1102.4483,8087.7806,0.0,0.0,-0.0,-169.031,-1923.2609999999997,-0.0,-0.0,1870.255,-27.811999999999998,-2092.292,1842.443,-249.832,MycMax_TTTTTTTTTTTTTTGAGAAAATGAAGACAATTATCT,1
63,9690.356982999998,23716.957244,39026.356543999995,-23739.925519,-129.03994499999996,10809.538382999997,761.3774359999998,-22075.017905000004,1456.4391979999998,60135.70464699999,-20618.578706999993,39517.12593999999,2652.87261,6312.369789999999,10589.725849999999,-6473.319669999999,10761.48433,3072.78672,-1605.71579,-16032.543769999997,450.07993,25310.252969999998,-15582.463839999999,9727.74,1792.5224999999998,4493.4009,7274.650199999998,-4139.2314,-3107.9927,1932.8319999999997,1207.9911,-1384.1365999999998,284.49159999999995,9454.2015,-1099.645,8354.5276,0.0,-0.0,0.0,-157.318,-1921.731,-0.0,0.0,1868.606,-26.622,-2079.032,1841.984,-237.06499999999997,MycMax_TTTTTTTTTTTTTTGAGAAAATGAAGACAATTATCT,1
64,9525.820612999998,22900.121863999997,38895.729699999996,-23538.138783,-199.03054299999994,10643.832719,686.125015,-21972.120033,1469.8860789999997,58914.46058499999,-20502.233953999992,38412.14310999999,2748.4795899999995,5563.4812,10655.51092,-6405.225489999999,10692.45668,3025.9166999999998,-1608.7618499999999,-15962.730039999999,450.96427,24671.85775,-15511.76577,9160.09198,1679.379,4651.2816,7190.753500000001,-4137.8442,-3118.5123,1903.0361,1183.7440000000001,-1363.4442,284.0581,9351.8666,-1079.3861,8272.4805,0.0,-0.0,-0.0,-140.624,-1905.9039999999998,0.0,0.0,1853.2039999999997,-23.953,-2046.5449999999998,1829.251,-217.29399999999998,MycMax_TTTTTTTTTTTTTTGAGAAAATGAAGACAATTATCT,1
65,10115.228309999999,23347.961466,38623.534760999995,-23442.507238,-224.17036399999998,10964.720400999999,691.3868379999999,-21958.255546999997,1453.5159629999998,60076.070652999995,-20504.739584,39571.33106899999,2952.81126,5989.9295999999995,10548.65317,-6465.851909999999,10716.923420000001,3027.3905999999997,-1608.1231599999996,-15990.48849,449.93254,25161.83124,-15540.555949999998,9621.275289999998,1763.1311999999998,4555.3625,7159.425899999999,-4059.005,-3137.2106,2013.2029,1185.1600999999998,-1348.1561,280.7635,9480.0959,-1067.3926,8412.7033,-0.0,-0.0,0.0,-146.557,-1908.488,0.0,-0.0,1856.6380000000001,-24.99,-2055.062,1831.665,-223.397,MycMax_TTTTTTTTTTTTTTGAGAAAATGAAGACAATTATCT,1
66,9679.499253,23732.909755,38746.895277999996,-23252.496963,-210.55644099999998,10812.879222999998,696.9827449999999,-21956.585127,1469.2179109999997,60205.94580799999,-20487.367216,39718.578592,2802.9647599999994,6009.67986,10582.89678,-6369.2132,10710.438259999999,3013.7324599999993,-1621.7813,-15975.405579999995,449.44123999999994,25128.668489999996,-15525.964339999997,9602.753279999999,1700.5049,4676.9737,7181.996799999999,-4103.5688,-3070.0181,1968.668,1195.1595,-1408.4993,282.5264,9549.715999999999,-1125.9729,8423.7431,-0.0,0.0,-0.0,-115.10699999999999,-1942.998,-0.0,0.0,1887.2720000000002,-22.678,-2058.105,1864.5939999999998,-193.511,MycMax_TTTTTTTTTTTTTTGAGAAAATGAAGACAATTATCT,1
67,9355.938898999999,23651.226217,38240.841538999994,-23390.473655,-52.78527199999999,10766.859151999999,708.9262479999999,-22106.588842999998,1487.5090099999998,59280.449606999995,-20619.079833,38661.36977399999,2701.9534799999997,6046.82214,10429.021619999998,-6386.654349999999,10724.538569999999,3006.90339,-1614.5100599999998,-15988.572419999997,454.05945999999994,24908.074789999995,-15534.51296,9373.56183,1647.9647,4626.8611,7097.3776,-4122.6139,-3112.7611999999995,1956.7901000000002,1195.0149999999999,-1371.7674,286.0233,9288.6334,-1085.7441,8202.889299999999,0.0,0.0,0.0,-125.953,-1890.621,0.0,0.0,1839.7060000000001,-22.592999999999996,-2016.574,1817.113,-199.46099999999998,MycMax_TTTTTTTTTTTTTTGAGAAAATGAAGACAATTATCT,1
68,9960.296854999999,22969.694857,38499.84016,-23506.901929,-196.60843399999996,11052.751534999998,698.486123,-21964.770185,1463.037357,59477.55916699999,-20501.732827999997,38975.826339,2904.76212,5935.69008,10463.314359999998,-6420.5049199999985,10657.279599999996,3028.7171099999996,-1635.93074,-15908.04835,452.19252,24933.32761,-15455.855829999999,9477.47178,1737.7858999999996,4456.408899999999,7166.8532000000005,-4122.6428,-3095.1611,2042.9120999999998,1204.0029,-1397.5461999999998,281.5727,9390.159099999999,-1115.9734999999998,8274.185599999999,0.0,0.0,-0.0,-137.921,-1906.992,-0.0,0.0,1855.856,-24.310000000000002,-2044.913,1831.546,-213.367,MycMax_TTTTTTTTTTTTTTGAGAAAATGAAGACAATTATCT,1
69,9267.991286,23043.945025999998,38784.64676999999,-23486.188721000002,-252.14989899999998,10713.572753999999,723.375381,-21923.844895,1472.5587509999998,58795.359638999995,-20451.286143999998,38344.073495,2573.03636,5909.15988,10547.817959999998,-6536.599109999999,10623.23251,2989.4622399999994,-1606.45274,-15886.62767,448.70428999999996,24499.657099999997,-15437.92338,9061.78285,1693.3666,4497.707,7215.6942,-4081.5758999999994,-3092.9647,1948.6113999999998,1195.2750999999998,-1394.5983999999999,284.087,9376.1137,-1110.5113999999999,8265.6023,-0.0,0.0,0.0,-117.691,-1907.774,0.0,0.0,1855.04,-22.644,-2025.465,1832.3960000000002,-193.069,MycMax_TTTTTTTTTTTTTTGAGAAAATGAAGACAATTATCT,1
70,10135.440392,22996.588619,37910.265421,-23548.328344999998,-282.46802199999996,10968.645888,750.1021009999998,-21912.653080999997,1462.035105,58930.246053999996,-20450.617975999998,38479.628078,3006.0681799999998,5982.60923,10355.375749999997,-6518.814049999999,10592.62452,3044.68436,-1609.9409699999999,-15864.912209999999,450.62036,24852.65615,-15414.29185,9438.3643,1738.7973999999997,4438.1152,7026.341399999999,-4088.6852999999996,-3110.7960000000003,2004.3883999999998,1206.575,-1383.732,280.5901,9214.736099999998,-1103.1418999999999,8111.5942,0.0,-0.0,0.0,-132.311,-1892.882,0.0,0.0,1843.3949999999998,-23.392,-2025.193,1820.0029999999997,-205.19,MycMax_TTTTTTTTTTTTTTGAGAAAATGAAGACAATTATCT,1
71,9697.623309999999,23737.503409999998,38294.21145799999,-23444.094136999996,-322.47458099999994,10762.599580999999,674.0979909999999,-21804.242823,1459.696517,59399.550552999994,-20344.546306,39055.004247,2883.4396999999994,6133.831369999999,10388.44024,-6480.836559999999,10561.574359999997,3010.4898799999996,-1629.93688,-15827.2295,449.1464599999999,24867.002109999998,-15378.13217,9488.869939999999,1659.4669000000001,4605.532899999999,7139.744999999999,-4027.3594999999996,-3085.4796,1953.2064999999998,1192.0383000000002,-1389.2808,283.9425,9437.121599999999,-1105.3383000000001,8331.7833,0.0,0.0,0.0,-160.31,-1905.173,-0.0,0.0,1855.7199999999998,-25.33,-2065.466,1830.39,-235.093,MycMax_TTTTTTTTTTTTTTGAGAAAATGAAGACAATTATCT,1
72,9510.369228000001,23116.190691,38902.41138,-23407.762501999998,-214.14784399999996,10916.278220999999,749.016328,-21961.679908,1460.865811,59572.35550199999,-20500.814097,39071.541404999996,2817.7528899999998,6037.340049999999,10643.965369999998,-6497.4425,10592.96843,2976.73757,-1614.0187599999997,-15869.33391,449.63775999999996,24957.303050000002,-15419.69615,9537.606899999999,1633.2834999999998,4447.276499999999,7199.885899999999,-4000.1646,-3085.3639999999996,2026.2368,1208.6269,-1400.7252,284.26039999999995,9429.781,-1116.4647999999997,8313.3162,0.0,0.0,-0.0,-163.149,-1894.055,-0.0,0.0,1844.942,-25.432000000000002,-2057.221,1819.5099999999998,-237.711,MycMax_TTTTTTTTTTTTTTGAGAAAATGAAGACAATTATCT,1
73,9553.716626999998,23116.524774999998,38716.827718,-23889.094025,-132.714869,10645.085533999998,698.653165,-21999.264357999997,1441.9065439999997,58708.998925,-20557.357814,38151.724632,2750.0517499999996,5941.7822,10590.51193,-6511.78846,10687.003249999998,2957.52774,-1622.86216,-15944.20803,449.1464599999999,24792.27538,-15495.061569999998,9297.21381,1688.1068,4503.6314999999995,7167.113299999999,-4182.3502,-3131.2572,1943.6983999999998,1196.3733,-1350.5548,279.31850000000003,9185.3159,-1071.2363,8114.079599999999,0.0,-0.0,-0.0,-149.005,-1883.0220000000002,-0.0,0.0,1833.7050000000002,-26.230999999999998,-2032.0269999999998,1807.474,-224.553,MycMax_TTTTTTTTTTTTTTGAGAAAATGAAGACAATTATCT,1
74,9988.27639,23492.035191,38623.952366,-23619.237673999996,-106.57279599999998,10623.119511,641.107196,-21983.980014999997,1444.9968209999997,59642.84722599999,-20538.983193999997,39103.864032,2752.45912,5988.946999999999,10582.40548,-6481.622639999999,10739.081049999997,2985.8266199999994,-1625.2695299999998,-15985.52636,449.34297999999995,24941.8271,-15536.183380000002,9405.64372,1837.0573999999997,4605.8219,7139.744999999999,-4074.611,-3120.4197,1919.4513,1177.9062,-1352.0865000000001,281.7172,9484.9511,-1070.3693,8414.5818,-0.0,-0.0,0.0,-167.892,-1902.0789999999997,0.0,-0.0,1852.0140000000001,-27.081,-2069.971,1824.933,-245.03799999999998,MycMax_TTTTTTTTTTTTTTGAGAAAATGAAGACAATTATCT,1
75,9472.868299,23952.235901,38396.691725,-23277.636784,-95.46450299999997,10780.807158999998,708.9262479999999,-22073.013400999997,1461.366937,59938.511565999994,-20611.646463999998,39326.86510199999,2755.2103999999995,6144.492580000001,10532.68592,-6467.0801599999995,10661.45565,3023.36194,-1625.7116999999998,-15924.654289999999,448.9499399999999,25024.414630000003,-15475.753479999998,9548.710279999998,1657.0970999999997,4673.5635,7090.354899999999,-3983.373699999999,-3135.3032,1951.9637999999998,1201.6041999999998,-1359.6582999999998,284.26039999999995,9455.9066,-1075.4268,8380.479800000001,-0.0,0.0,0.0,-157.063,-1864.2199999999998,0.0,-0.0,1817.283,-25.092,-2021.283,1792.191,-229.09199999999998,MycMax_TTTTTTTTTTTTTTGAGAAAATGAAGACAATTATCT,1
76,9837.103379999999,23523.439087,38596.640998999996,-23489.195476999994,-218.74149900000003,10749.820867999997,669.170252,-21909.479282999997,1449.08935,59668.237610000004,-20460.389933,39207.931198,2924.6597699999998,6172.98798,10544.57538,-6459.6615299999985,10619.302109999999,3006.9525199999994,-1628.4629799999998,-15877.587749999999,453.17512,25180.353249999996,-15424.412629999999,9755.94062,1683.4828,4508.4289,7152.547699999999,-4088.7719999999995,-3129.7544,1950.8655999999999,1189.4661999999998,-1345.1793999999998,278.2781,9266.2359,-1066.9013,8199.3346,0.0,0.0,0.0,-140.692,-1877.973,0.0,-0.0,1825.766,-25.534,-2018.665,1800.232,-218.45,MycMax_TTTTTTTTTTTTTTGAGAAAATGAAGACAATTATCT,1
77,9649.765776999999,23331.591349999995,38612.426468,-23572.382392999996,-119.518551,10911.684565999998,679.6938979999998,-21990.077048,1452.3466689999998,59493.344635999994,-20537.730378999997,38955.614256999994,2882.997529999999,6152.451639999999,10485.324599999998,-6442.3186399999995,10651.08922,2977.7693,-1638.87854,-15902.8897,451.94686999999993,25068.43511,-15450.94283,9617.49228,1643.1673,4454.1258,7192.863200000001,-4097.7020999999995,-3127.9336999999996,2024.0404,1199.2633,-1353.8205,277.9602,9287.7953,-1075.8602999999998,8211.935,-0.0,0.0,0.0,-158.37199999999999,-1869.864,0.0,0.0,1823.199,-24.259,-2028.2359999999999,1798.923,-229.31299999999996,MycMax_TTTTTTTTTTTTTTGAGAAAATGAAGACAATTATCT,1
78,10282.186788999998,23760.555205999997,38666.71511799999,-23731.907502999995,-297.668844,10616.771915,721.3708770000001,-21899.957888999998,1452.5972319999998,60018.107079,-20447.360656999997,39570.74642199999,2860.7416399999997,6200.00948,10623.33077,-6485.5039099999985,10628.63681,2982.09274,-1617.65438,-15906.820099999995,450.42384,25191.604019999995,-15456.396259999998,9735.256889999999,1875.0608999999997,4574.581,7130.496999999999,-4133.5959,-3155.6488,1919.4513,1201.1996,-1339.2838,281.11029999999994,9411.5162,-1058.1734999999999,8353.3427,-0.0,0.0,-0.0,-154.785,-1882.0359999999998,0.0,-0.0,1834.3509999999999,-25.551,-2036.8210000000001,1808.8,-228.03799999999998,MycMax_TTTTTTTTTTTTTTGAGAAAATGAAGACAATTATCT,1
79,9781.478394,23385.044789999996,38297.385255999994,-23121.034908999998,-189.09154399999997,10523.144874,708.842727,-22016.720247,1466.461718,59385.76958799998,-20550.258529,38835.511059,2689.7201099999997,6155.20292,10421.30821,-6396.775129999999,10646.71665,2935.0262,-1611.1692199999998,-15924.359509999997,449.34297999999995,24839.93148,-15475.065660000002,9364.914949999998,1802.4351999999997,4471.0323,7121.509099999999,-4020.4813,-3153.9147999999996,1914.7405999999999,1193.0208999999998,-1341.8269999999998,281.83279999999996,9328.342,-1059.9941999999999,8268.3189,0.0,0.0,-0.0,-127.687,-1867.2289999999998,-0.0,0.0,1818.1499999999999,-22.763,-1994.916,1795.3869999999997,-199.529,MycMax_TTTTTTTTTTTTTTGAGAAAATGAAGACAATTATCT,1
80,9521.561041999998,23771.579977999994,38368.87923199999,-23178.747919999994,-214.31488599999997,10756.335505999998,704.416114,-21981.808468999996,1479.574515,59729.792586999996,-20502.233953999992,39227.55863299999,2586.00668,6217.4506299999985,10422.929499999998,-6417.70451,10637.67673,3057.8511999999996,-1610.6779199999999,-15902.840569999997,451.11166,24893.53231,-15451.679779999999,9441.803399999999,1773.4774,4568.1651999999995,7145.264899999999,-4008.3143999999998,-3162.9894,1923.1793999999998,1191.2002,-1341.2778999999998,283.4512,9429.983299999998,-1057.8266999999998,8372.1566,0.0,-0.0,0.0,-139.349,-1863.8970000000002,0.0,0.0,1817.4869999999999,-21.675,-2003.2289999999998,1795.8119999999997,-207.417,MycMax_TTTTTTTTTTTTTTGAGAAAATGAAGACAATTATCT,1
81,9398.534608999998,23493.288006,38609.670275,-23403.920535999998,-158.77342099999998,10758.34001,724.7117169999999,-22051.381461999998,1460.949332,59421.93418099999,-20590.43213,38831.41853,2635.5297200000005,5930.826209999999,10532.88244,-6325.389239999999,10704.542660000001,2959.88598,-1625.9573500000001,-15961.010489999997,450.8168800000001,24812.369550000003,-15510.242739999998,9302.12681,1701.7765,4640.444100000001,7163.9054,-4124.8681,-3162.1802,1981.5285,1207.2396999999999,-1346.8845,280.6768,9407.817000000001,-1066.2077,8341.6093,-0.0,0.0,0.0,-148.563,-1876.2050000000002,0.0,0.0,1826.752,-23.715,-2024.7679999999998,1803.0369999999998,-221.731,MycMax_TTTTTTTTTTTTTTGAGAAAATGAAGACAATTATCT,1
